InstructorName,Format,Level,BasePrice,DiscountPercentage,NumberOfEnrollments,CompletionRate,AverageRating,NumberOfReviews,AdvertisingSpend,MarketingChannel,SeasonalPromotion,RevenueGenerated,LaunchDate,GeographicalLocation
Instructor_6,0,1,108,35,57,31,4.7,102,934,0,1,21043,2022-01-02,India
Instructor_3,2,1,296,25,153,85,5.0,191,2922,0,0,48994,2022-01-09,Canada
Instructor_7,2,1,177,37,108,69,3.9,134,1018,2,0,2525,2022-01-16,Australia
Instructor_4,0,0,332,0,362,34,2.1,188,1824,3,0,34528,2022-01-23,USA
Instructor_6,0,1,374,19,89,21,4.5,48,2513,0,1,17978,2022-01-30,Australia
Instructor_9,2,2,74,27,286,64,1.2,13,1413,0,1,47648,2022-02-06,Australia
Instructor_2,1,0,180,15,492,83,1.9,135,4598,0,1,2055,2022-02-13,Australia
Instructor_6,0,2,402,46,435,21,4.6,12,2205,2,1,11046,2022-02-20,UK
Instructor_7,2,0,245,16,143,10,2.0,73,2668,2,1,36851,2022-02-27,USA
Instructor_4,1,1,330,39,271,76,1.9,38,1238,2,1,16678,2022-03-06,USA
Instructor_3,0,0,453,27,253,2,1.6,125,309,0,0,45876,2022-03-13,Australia
Instructor_7,1,0,467,11,187,8,4.4,20,1164,1,0,27624,2022-03-20,Canada
Instructor_7,2,2,203,26,349,59,3.0,106,2320,1,0,43418,2022-03-27,Australia
Instructor_2,0,2,431,41,444,75,3.7,111,333,1,0,39725,2022-04-03,UK
Instructor_5,1,1,182,46,256,86,2.0,195,892,3,0,6255,2022-04-10,India
Instructor_4,0,0,276,29,385,13,4.0,164,3210,0,0,10411,2022-04-17,UK
Instructor_1,1,0,238,40,130,96,4.0,30,2266,1,0,43459,2022-04-24,Canada
Instructor_7,2,0,314,33,267,17,2.3,48,434,1,0,37163,2022-05-01,Australia
Instructor_5,2,1,421,36,51,72,2.6,111,1459,1,1,34971,2022-05-08,USA
Instructor_1,0,1,483,5,227,22,1.8,55,1314,0,1,32235,2022-05-15,Australia
Instructor_4,1,1,183,6,445,73,4.9,75,4519,1,1,20194,2022-05-22,Canada
Instructor_0,0,1,260,31,420,82,3.6,100,383,1,1,20476,2022-05-29,USA
Instructor_9,0,1,109,31,395,46,4.7,173,312,0,1,4044,2022-06-05,UK
Instructor_5,1,2,477,24,328,68,2.2,120,1758,3,1,41040,2022-06-12,India
Instructor_8,1,0,426,32,195,46,4.1,91,4178,2,1,22057,2022-06-19,India
Instructor_0,1,0,444,6,367,86,4.1,132,4947,1,0,4514,2022-06-26,Australia
Instructor_9,2,0,499,11,273,29,3.8,108,1517,2,0,10990,2022-07-03,UK
Instructor_2,0,0,480,15,418,24,4.9,44,2486,3,1,39960,2022-07-10,Canada
Instructor_6,0,0,413,15,433,27,2.6,168,1894,3,0,44535,2022-07-17,India
Instructor_3,2,0,413,42,111,97,1.5,165,204,1,0,8507,2022-07-24,UK
Instructor_8,1,0,262,35,343,24,3.7,112,4965,0,0,5857,2022-07-31,Australia
Instructor_2,2,0,265,12,288,73,3.9,138,3993,3,0,13118,2022-08-07,USA
Instructor_4,2,2,275,6,244,77,3.3,34,3945,2,0,4146,2022-08-14,Australia
Instructor_2,2,0,180,35,215,57,1.8,52,3790,2,1,27401,2022-08-21,Australia
Instructor_6,0,2,125,46,271,93,3.0,93,3392,2,0,27177,2022-08-28,UK
Instructor_4,2,1,335,8,110,40,2.2,60,478,2,1,39524,2022-09-04,India
Instructor_8,0,0,326,31,178,24,2.7,139,3393,3,1,5414,2022-09-11,UK
Instructor_6,0,1,205,10,222,77,3.6,135,3429,1,1,18494,2022-09-18,USA
Instructor_1,0,1,297,7,205,98,4.0,78,4908,1,0,21437,2022-09-25,UK
Instructor_3,1,1,267,32,454,47,1.9,18,3538,2,1,4937,2022-10-02,Canada
Instructor_8,0,2,239,22,427,97,2.6,11,324,1,1,37731,2022-10-09,Australia
Instructor_1,0,1,466,24,159,9,2.1,171,837,2,1,22326,2022-10-16,India
Instructor_9,1,1,212,7,318,98,1.8,197,335,2,1,39665,2022-10-23,USA
Instructor_8,0,1,229,44,460,74,4.1,198,4378,0,0,9974,2022-10-30,Australia
Instructor_9,2,0,83,21,405,10,4.6,168,811,3,1,48145,2022-11-06,UK
Instructor_4,2,0,90,3,440,84,2.5,19,1988,3,1,18500,2022-11-13,Canada
Instructor_1,0,2,356,39,327,20,4.0,123,4818,2,1,49824,2022-11-20,UK
Instructor_3,1,2,480,2,123,85,4.6,85,1359,3,1,2750,2022-11-27,Australia
Instructor_6,2,0,387,28,486,44,4.4,173,848,1,0,5027,2022-12-04,USA
Instructor_7,1,2,363,40,256,6,1.7,94,4086,2,1,45296,2022-12-11,India
Instructor_2,1,0,124,28,437,80,4.8,58,3651,0,1,6745,2022-12-18,Australia
Instructor_0,2,1,490,33,328,63,2.5,79,609,1,1,22448,2022-12-25,USA
Instructor_3,1,1,328,33,424,63,2.4,186,1923,0,1,43447,2023-01-01,Australia
Instructor_1,2,2,225,27,375,1,1.2,140,4980,0,1,29451,2023-01-08,Canada
Instructor_7,1,0,433,12,389,75,2.9,142,3041,3,1,29207,2023-01-15,UK
Instructor_3,2,0,199,14,406,41,1.4,198,4332,3,0,6938,2023-01-22,India
Instructor_1,0,2,322,22,389,81,2.0,99,2234,2,1,13150,2023-01-29,USA
Instructor_5,2,0,374,43,253,53,2.3,35,1877,3,0,14406,2023-02-05,India
Instructor_5,2,1,157,25,210,74,4.2,81,1322,0,0,20781,2023-02-12,India
Instructor_9,2,2,188,3,77,15,4.5,14,3767,0,1,38621,2023-02-19,India
Instructor_3,2,2,399,25,441,17,2.2,24,1877,1,0,19325,2023-02-26,USA
Instructor_5,1,0,320,39,306,98,4.4,132,1404,0,1,4148,2023-03-05,USA
Instructor_1,0,2,396,8,214,58,4.4,153,4959,2,0,29879,2023-03-12,India
Instructor_9,2,0,468,4,112,89,4.1,10,801,2,1,8933,2023-03-19,UK
Instructor_1,1,0,338,31,71,15,1.6,153,3089,3,0,10436,2023-03-26,Australia
Instructor_9,0,0,261,19,119,5,3.8,174,251,3,0,18669,2023-04-02,India
Instructor_3,0,0,430,49,430,56,4.8,12,1425,3,1,7474,2023-04-09,Canada
Instructor_7,0,0,321,10,454,46,3.7,189,1401,2,0,48447,2023-04-16,India
Instructor_6,0,2,467,14,145,47,2.3,56,3822,0,0,12228,2023-04-23,USA
Instructor_8,2,1,115,31,212,41,3.0,104,1811,3,0,34538,2023-04-30,Australia
Instructor_7,2,1,473,27,128,75,3.6,22,906,1,0,2843,2023-05-07,Canada
Instructor_4,1,2,297,21,54,59,3.0,129,4430,3,0,1073,2023-05-14,Australia
Instructor_1,1,2,205,40,365,76,1.5,64,2822,2,1,17059,2023-05-21,Australia
Instructor_4,1,1,96,16,169,3,2.2,158,4756,3,0,21733,2023-05-28,Canada
Instructor_7,0,1,472,25,351,1,4.2,75,1425,0,0,41768,2023-06-04,India
Instructor_9,0,1,250,43,227,89,4.4,191,4233,3,1,26395,2023-06-11,India
Instructor_8,2,1,197,6,225,58,1.5,164,1259,2,1,21202,2023-06-18,India
Instructor_8,0,1,173,41,439,26,4.8,175,2969,2,1,14273,2023-06-25,UK
Instructor_0,0,0,50,25,266,26,2.3,99,4616,1,0,49889,2023-07-02,India
Instructor_8,0,2,296,24,105,78,3.6,195,1342,2,0,34099,2023-07-09,Canada
Instructor_6,1,0,392,9,415,71,4.0,71,447,1,0,8512,2023-07-16,UK
Instructor_8,1,1,177,44,236,6,4.2,111,1931,0,0,29231,2023-07-23,India
Instructor_7,2,1,240,18,281,62,4.8,183,1669,2,1,24274,2023-07-30,UK
Instructor_0,0,1,116,10,304,45,2.3,148,4035,3,1,38699,2023-08-06,Canada
Instructor_7,0,0,53,12,462,62,4.4,17,2018,0,0,46510,2023-08-13,India
Instructor_7,2,0,491,7,153,11,1.5,106,3332,3,0,23409,2023-08-20,USA
Instructor_2,0,1,458,39,126,12,3.8,126,3858,3,0,47194,2023-08-27,Canada
Instructor_0,0,0,352,3,279,42,4.0,73,2455,3,0,6113,2023-09-03,Australia
Instructor_7,1,0,343,46,451,16,3.7,30,1497,0,1,42187,2023-09-10,Australia
Instructor_2,2,1,192,30,307,62,2.0,124,2880,0,1,3881,2023-09-17,Canada
Instructor_2,2,0,240,27,313,80,4.5,94,1924,2,0,46913,2023-09-24,Australia
Instructor_0,2,2,70,10,380,35,1.7,29,2591,3,1,47324,2023-10-01,Canada
Instructor_4,2,2,276,42,231,84,1.2,17,4160,1,0,20249,2023-10-08,USA
Instructor_9,1,2,362,0,430,7,3.9,67,504,2,0,36343,2023-10-15,Canada
Instructor_6,1,2,166,48,305,68,2.9,55,1821,0,1,13714,2023-10-22,India
Instructor_9,0,1,486,46,87,89,4.4,40,2925,1,0,39953,2023-10-29,India
Instructor_8,0,1,351,37,225,79,2.5,102,3945,0,1,9656,2023-11-05,UK
Instructor_6,0,1,191,23,76,35,1.7,18,4310,1,0,6741,2023-11-12,Australia
Instructor_8,0,2,450,46,325,27,4.3,24,3292,2,1,17661,2023-11-19,Australia
Instructor_7,1,2,88,30,189,92,3.2,103,164,1,0,32555,2023-11-26,Canada
Instructor_1,2,0,442,40,348,46,1.8,163,1399,2,1,29690,2023-12-03,Australia
Instructor_0,1,0,404,45,494,75,3.9,147,1515,0,0,33833,2023-12-10,India
Instructor_6,0,2,301,49,336,29,3.0,38,3693,1,0,38030,2023-12-17,USA
Instructor_6,1,2,382,25,140,22,3.4,89,1068,3,1,6704,2023-12-24,Canada
Instructor_7,2,2,256,48,110,15,2.8,45,468,3,0,49123,2023-12-31,Australia
Instructor_4,2,2,259,49,414,13,4.3,93,332,0,1,42362,2024-01-07,India
Instructor_2,1,0,164,4,396,73,4.3,118,2342,1,1,13175,2024-01-14,UK
Instructor_7,1,2,274,19,212,70,3.8,127,3183,3,0,13696,2024-01-21,Australia
Instructor_5,1,0,183,40,400,51,1.4,46,1020,2,0,40023,2024-01-28,USA
Instructor_2,0,2,300,10,192,36,4.4,95,788,1,0,41209,2024-02-04,USA
Instructor_0,1,2,268,32,449,28,3.7,80,4372,1,0,29054,2024-02-11,Australia
Instructor_2,1,2,456,49,302,66,3.8,160,1569,3,1,22076,2024-02-18,Australia
Instructor_4,1,0,492,37,318,14,2.5,178,4825,2,0,15986,2024-02-25,India
Instructor_2,2,0,140,26,418,99,4.5,102,4359,2,0,47118,2024-03-03,Australia
Instructor_0,2,1,403,33,340,46,3.9,89,3722,2,0,15440,2024-03-10,UK
Instructor_4,0,2,425,14,236,45,1.5,111,2200,1,1,8960,2024-03-17,India
Instructor_9,0,1,95,31,454,51,2.6,165,2365,0,0,23462,2024-03-24,Canada
Instructor_6,2,1,87,20,487,18,4.5,185,3889,1,1,18821,2024-03-31,UK
Instructor_6,2,0,191,45,463,76,1.2,175,923,1,0,28258,2024-04-07,India
Instructor_8,2,0,149,4,353,20,4.8,168,3531,3,1,28353,2024-04-14,India
Instructor_9,1,1,377,5,340,63,3.7,23,4251,0,0,24416,2024-04-21,USA
Instructor_9,1,2,239,37,135,36,3.5,126,4313,2,0,23115,2024-04-28,India
Instructor_2,2,0,84,21,215,26,2.1,82,897,3,1,47433,2024-05-05,UK
Instructor_6,1,2,196,17,464,54,2.0,100,879,1,0,25968,2024-05-12,Australia
Instructor_0,1,2,79,13,457,28,4.8,99,2950,0,0,23731,2024-05-19,UK
Instructor_3,0,1,383,9,163,19,2.2,38,2992,2,0,23785,2024-05-26,Canada
Instructor_3,2,1,133,45,482,24,4.1,188,1993,2,1,40397,2024-06-02,India
Instructor_4,2,1,418,12,405,69,2.6,58,3406,1,0,14828,2024-06-09,India
Instructor_6,1,1,330,30,465,62,1.6,180,3002,2,1,5541,2024-06-16,India
Instructor_6,2,0,473,29,232,35,1.0,81,4903,2,1,41644,2024-06-23,India
Instructor_3,0,0,393,2,256,1,3.2,142,3818,0,1,14311,2024-06-30,USA
Instructor_6,0,1,319,29,305,21,4.9,51,121,3,0,31531,2024-07-07,USA
Instructor_2,0,0,203,5,284,95,2.5,144,1600,0,1,15588,2024-07-14,Australia
Instructor_5,2,1,151,28,491,15,2.4,51,942,3,1,13380,2024-07-21,India
Instructor_1,2,2,264,7,404,17,2.4,173,1860,3,0,43645,2024-07-28,Canada
Instructor_9,2,2,199,43,52,68,3.1,114,3741,3,1,18818,2024-08-04,Australia
Instructor_8,2,2,481,44,257,53,2.8,36,291,2,1,31857,2024-08-11,India
Instructor_4,2,1,132,42,246,99,4.5,67,495,0,0,22711,2024-08-18,USA
Instructor_5,0,2,159,43,390,29,3.0,55,4762,2,0,6097,2024-08-25,Canada
Instructor_3,1,0,484,32,174,44,3.0,75,4426,1,1,29393,2024-09-01,Australia
Instructor_9,0,2,436,16,187,18,1.6,34,973,0,0,23076,2024-09-08,Canada
Instructor_6,2,2,475,47,388,86,4.9,82,2721,3,0,19738,2024-09-15,India
Instructor_8,0,2,324,10,74,33,2.0,126,4435,2,0,30317,2024-09-22,UK
Instructor_6,2,0,250,12,117,12,1.3,164,189,2,1,40229,2024-09-29,Canada
Instructor_0,2,1,333,49,110,42,3.7,138,2379,0,1,8044,2024-10-06,Canada
Instructor_0,0,0,222,10,78,61,3.4,96,556,0,0,6497,2024-10-13,USA
Instructor_8,2,1,376,30,432,92,2.7,83,2380,3,1,14751,2024-10-20,India
Instructor_8,1,1,255,27,68,99,2.7,179,4549,3,0,30882,2024-10-27,Canada
Instructor_3,2,2,112,43,220,21,4.1,189,1104,1,0,43072,2024-11-03,India
Instructor_8,1,1,122,5,499,51,1.8,162,4634,3,0,44194,2024-11-10,USA
Instructor_2,1,0,300,40,123,51,4.3,191,444,2,0,44826,2024-11-17,India
Instructor_6,2,0,173,15,110,35,3.6,134,2811,1,0,23449,2024-11-24,USA
Instructor_5,0,1,424,3,476,72,2.7,76,4852,1,1,45028,2024-12-01,USA
Instructor_7,1,2,170,34,202,18,2.8,15,2562,1,1,34402,2024-12-08,Australia
Instructor_8,0,2,324,47,325,37,2.0,134,1216,0,1,33543,2024-12-15,India
Instructor_4,1,0,480,25,97,69,4.0,67,725,3,1,30362,2024-12-22,UK
Instructor_0,2,2,447,11,260,78,3.1,79,4479,1,0,28315,2024-12-29,Australia
Instructor_2,2,1,169,10,392,56,2.3,62,2079,0,0,28746,2025-01-05,USA
Instructor_9,1,1,471,36,457,19,3.4,75,4094,0,1,11057,2025-01-12,UK
Instructor_7,2,0,486,24,188,8,5.0,67,1778,1,1,47113,2025-01-19,Canada
Instructor_5,1,1,366,17,159,31,2.7,91,322,1,0,43915,2025-01-26,Canada
Instructor_7,2,0,213,18,232,3,4.7,96,843,2,0,22061,2025-02-02,Australia
Instructor_8,0,1,473,22,77,49,2.4,11,562,1,0,35157,2025-02-09,UK
Instructor_3,2,0,335,37,246,81,1.2,159,1668,2,1,46839,2025-02-16,India
Instructor_0,0,2,314,17,240,4,1.8,46,3447,1,0,12322,2025-02-23,UK
Instructor_0,2,1,369,25,364,19,2.7,157,1836,1,0,5276,2025-03-02,Australia
Instructor_9,0,1,210,5,438,86,1.9,112,4139,3,1,13306,2025-03-09,India
Instructor_3,2,0,425,3,100,74,1.0,33,4051,1,1,35017,2025-03-16,India
Instructor_6,0,0,357,43,198,36,4.7,121,764,1,1,28742,2025-03-23,Canada
Instructor_1,1,1,138,28,317,21,4.4,74,1456,2,0,32600,2025-03-30,UK
Instructor_2,1,0,191,33,99,57,4.0,138,1114,2,0,18629,2025-04-06,India
Instructor_0,0,1,252,16,437,67,1.7,126,2232,3,1,9245,2025-04-13,Australia
Instructor_4,2,2,358,42,295,92,1.5,125,2768,1,0,32414,2025-04-20,Canada
Instructor_0,0,0,276,42,162,43,1.3,114,1154,1,0,44870,2025-04-27,India
Instructor_7,2,1,492,15,219,33,3.9,12,1864,2,0,31098,2025-05-04,UK
Instructor_0,1,2,383,1,215,76,4.7,55,4558,0,1,49994,2025-05-11,Canada
Instructor_0,2,2,271,33,458,41,2.7,64,2969,0,1,11588,2025-05-18,UK
Instructor_1,1,1,90,7,63,8,1.5,84,1512,0,0,1442,2025-05-25,UK
Instructor_1,2,0,245,12,252,94,3.0,54,767,2,0,40744,2025-06-01,UK
Instructor_5,2,1,117,41,337,6,2.4,163,3470,2,0,38443,2025-06-08,Canada
Instructor_6,2,2,313,7,444,67,2.5,86,1494,0,0,12803,2025-06-15,India
Instructor_4,0,1,51,29,238,18,3.5,33,198,0,1,41721,2025-06-22,USA
Instructor_0,0,0,410,31,451,93,3.9,44,4170,1,1,38145,2025-06-29,India
Instructor_0,1,2,174,35,204,30,1.4,33,521,2,0,11599,2025-07-06,Canada
Instructor_2,1,1,159,46,104,34,1.1,37,3750,2,0,8058,2025-07-13,USA
Instructor_1,0,0,135,29,231,56,5.0,25,4257,0,1,18206,2025-07-20,USA
Instructor_4,1,2,474,0,259,84,1.9,68,1232,0,0,12894,2025-07-27,USA
Instructor_9,0,0,169,42,425,60,1.2,191,1802,3,1,3939,2025-08-03,Australia
Instructor_5,2,2,176,38,124,30,1.8,153,3720,2,0,23149,2025-08-10,Canada
Instructor_6,1,1,304,16,326,82,1.2,24,3290,3,1,2031,2025-08-17,Australia
Instructor_3,1,0,232,19,477,94,2.6,20,697,1,0,11208,2025-08-24,USA
Instructor_6,0,2,65,23,182,52,4.2,88,491,3,0,1562,2025-08-31,Australia
Instructor_7,1,0,111,49,392,31,2.4,124,1175,0,1,44498,2025-09-07,Australia
Instructor_0,1,0,418,21,474,65,2.8,77,2750,2,1,21951,2025-09-14,Canada
Instructor_5,2,1,481,28,108,58,3.7,52,2484,2,0,49920,2025-09-21,UK
Instructor_7,1,0,207,21,394,9,3.0,78,909,3,0,47766,2025-09-28,Australia
Instructor_4,2,2,317,43,231,1,4.4,150,3409,3,1,29351,2025-10-05,Australia
Instructor_3,0,2,84,8,455,65,4.5,147,3838,1,1,19680,2025-10-12,USA
Instructor_1,1,2,316,36,388,59,1.0,84,1259,1,0,22586,2025-10-19,USA
Instructor_5,2,2,113,9,370,87,4.1,112,1631,0,0,10308,2025-10-26,USA
Instructor_5,0,1,99,35,113,16,2.8,50,2782,0,1,10609,2025-11-02,India
Instructor_0,1,0,304,36,376,95,5.0,187,353,0,1,30495,2025-11-09,Australia
Instructor_8,0,1,198,27,309,15,2.9,68,3648,3,1,18675,2025-11-16,USA
Instructor_5,1,0,374,27,242,15,4.9,48,3285,3,1,29064,2025-11-23,Canada
Instructor_2,0,0,353,41,192,45,4.0,12,1331,2,1,9720,2025-11-30,India
Instructor_3,0,0,325,42,153,38,2.0,16,2523,0,0,43940,2025-12-07,UK
Instructor_3,2,1,406,20,455,30,3.2,58,3675,3,0,15457,2025-12-14,Australia
Instructor_2,0,0,221,23,263,87,5.0,35,4361,2,1,3939,2025-12-21,Australia
Instructor_9,1,1,466,41,291,0,4.4,170,1673,0,0,48113,2025-12-28,Canada
Instructor_2,1,2,250,39,480,10,1.4,110,3008,1,0,49926,2026-01-04,UK
Instructor_2,2,2,494,1,258,84,3.8,185,4812,1,1,39203,2026-01-11,UK
Instructor_3,1,0,442,7,142,3,2.4,88,1725,3,0,24365,2026-01-18,India
Instructor_6,1,1,373,47,479,70,1.0,11,4098,2,0,6392,2026-01-25,Australia
Instructor_3,1,2,84,26,191,25,2.6,136,3983,1,0,26905,2026-02-01,USA
Instructor_8,0,1,265,21,483,49,1.9,169,3615,2,1,8972,2026-02-08,Canada
Instructor_0,0,1,114,36,453,11,4.3,141,3503,2,1,31653,2026-02-15,Canada
Instructor_7,1,0,57,26,483,94,2.3,29,4698,1,0,27329,2026-02-22,Canada
Instructor_6,2,2,350,28,161,80,4.3,126,4780,2,0,20184,2026-03-01,Canada
Instructor_1,0,0,392,2,466,96,1.0,173,2058,1,0,15799,2026-03-08,USA
Instructor_7,2,0,480,43,424,74,2.2,41,4109,3,0,16052,2026-03-15,USA
Instructor_0,1,2,473,12,108,91,2.0,37,2835,0,0,7044,2026-03-22,India
Instructor_8,1,2,381,44,92,95,1.9,86,4591,0,0,20871,2026-03-29,Australia
Instructor_8,0,1,487,9,256,64,1.3,10,3274,3,1,24767,2026-04-05,USA
Instructor_1,1,2,125,35,317,46,1.7,197,501,1,0,48183,2026-04-12,India
Instructor_6,0,1,223,8,345,91,3.2,65,1074,1,0,21234,2026-04-19,UK
Instructor_9,1,1,96,26,167,52,2.2,44,323,1,1,22381,2026-04-26,Australia
Instructor_2,1,1,64,33,69,70,2.7,121,4713,1,0,18274,2026-05-03,USA
Instructor_6,0,2,410,0,271,1,2.5,39,335,3,0,47626,2026-05-10,UK
Instructor_9,0,0,196,31,215,23,4.5,63,3598,0,0,23304,2026-05-17,India
Instructor_8,0,1,75,24,180,3,4.6,45,4311,2,0,18572,2026-05-24,USA
Instructor_3,1,0,357,28,205,18,3.0,192,3334,2,1,39412,2026-05-31,USA
Instructor_0,1,0,142,6,233,25,2.3,89,325,0,0,26965,2026-06-07,UK
Instructor_1,2,2,455,48,139,74,1.4,67,2377,3,1,19384,2026-06-14,USA
Instructor_0,0,0,281,2,143,39,4.8,92,4377,2,0,18855,2026-06-21,Canada
Instructor_4,1,0,70,19,62,49,1.2,74,1441,0,0,18920,2026-06-28,USA
Instructor_4,1,2,356,19,371,42,2.2,78,4136,3,1,17702,2026-07-05,Australia
Instructor_6,0,1,87,29,342,74,2.2,137,309,2,0,38921,2026-07-12,UK
Instructor_8,2,0,325,34,482,66,2.3,60,3827,1,1,2894,2026-07-19,Australia
Instructor_8,0,2,206,34,279,11,1.7,31,4028,1,1,31985,2026-07-26,India
Instructor_2,2,0,228,48,371,66,4.1,116,2903,3,1,29287,2026-08-02,Australia
Instructor_2,1,0,181,38,341,26,1.5,118,1209,1,0,8991,2026-08-09,Canada
Instructor_2,2,1,360,26,487,53,3.5,125,2126,3,0,16439,2026-08-16,Canada
Instructor_3,1,0,397,25,75,65,1.5,110,493,0,0,30084,2026-08-23,Australia
Instructor_7,0,2,77,13,124,48,1.3,190,943,0,0,43235,2026-08-30,India
Instructor_5,0,0,309,16,413,15,4.6,109,1624,2,1,28659,2026-09-06,USA
Instructor_7,0,1,455,17,473,1,1.8,173,703,3,0,25976,2026-09-13,Canada
Instructor_0,2,1,125,44,348,59,4.3,77,681,2,0,39703,2026-09-20,Australia
Instructor_7,1,2,478,28,199,53,3.2,45,2039,2,1,18107,2026-09-27,Australia
Instructor_3,0,1,116,19,197,29,1.3,189,232,0,1,3329,2026-10-04,Australia
Instructor_0,0,0,391,26,57,83,4.8,190,2938,2,0,43095,2026-10-11,USA
Instructor_7,1,1,243,17,78,37,2.0,187,3485,1,1,3770,2026-10-18,UK
Instructor_3,0,2,211,3,345,27,4.4,178,3870,2,1,5846,2026-10-25,India
Instructor_5,1,1,396,0,463,24,1.7,155,2368,3,1,17651,2026-11-01,UK
Instructor_7,1,1,488,49,258,95,4.4,31,1075,1,1,15633,2026-11-08,India
Instructor_3,1,1,410,0,177,9,1.1,75,1913,0,1,14628,2026-11-15,India
Instructor_2,1,2,306,25,389,59,3.0,30,3363,3,0,1569,2026-11-22,Australia
Instructor_8,1,1,121,44,165,41,4.1,109,1643,1,0,2973,2026-11-29,Canada
Instructor_2,2,1,136,19,488,39,4.7,137,2935,3,0,36590,2026-12-06,Australia
Instructor_8,0,0,471,22,193,96,4.6,53,2838,1,0,34038,2026-12-13,USA
Instructor_1,2,2,311,9,479,76,4.3,112,1457,3,0,8641,2026-12-20,India
Instructor_1,0,1,263,10,367,41,4.6,56,4234,3,0,9930,2026-12-27,Canada
Instructor_1,2,2,202,40,284,46,1.8,48,1416,1,0,7680,2027-01-03,India
Instructor_5,1,1,259,40,56,36,2.1,38,261,0,1,2257,2027-01-10,India
Instructor_2,0,1,450,4,94,79,2.2,63,2009,0,0,9250,2027-01-17,Australia
Instructor_8,0,1,110,0,492,21,2.5,99,1227,3,0,39138,2027-01-24,Canada
Instructor_3,2,0,317,16,288,56,2.6,94,3970,3,0,29757,2027-01-31,Canada
Instructor_0,2,0,311,21,489,83,3.2,26,1758,0,1,5858,2027-02-07,India
Instructor_3,0,0,267,33,481,26,1.6,89,3225,0,0,42349,2027-02-14,Canada
Instructor_0,2,2,332,44,204,40,3.8,197,2063,2,0,14491,2027-02-21,Canada
Instructor_4,2,2,185,40,230,79,1.7,168,2389,0,1,26294,2027-02-28,Australia
Instructor_3,2,0,429,28,264,33,2.2,82,1066,3,0,46204,2027-03-07,UK
Instructor_7,1,2,411,3,137,31,3.0,58,989,1,0,46638,2027-03-14,USA
Instructor_7,1,1,498,4,305,89,4.2,110,3161,0,1,7908,2027-03-21,UK
Instructor_6,2,1,490,10,122,88,4.0,11,3729,2,0,11844,2027-03-28,Canada
Instructor_2,2,1,142,20,468,65,3.6,185,3289,2,1,38629,2027-04-04,India
Instructor_0,1,0,158,34,228,11,1.6,151,2848,2,0,3911,2027-04-11,USA
Instructor_0,1,2,290,11,261,39,3.2,68,1766,1,0,9991,2027-04-18,USA
Instructor_2,0,0,404,25,342,72,1.3,106,3166,0,0,12572,2027-04-25,India
Instructor_5,0,2,473,18,283,75,2.5,108,1541,0,1,44066,2027-05-02,USA
Instructor_6,1,1,191,44,288,89,2.7,195,1167,0,1,30693,2027-05-09,India
Instructor_5,2,0,340,6,272,72,1.2,112,4323,1,1,41004,2027-05-16,USA
Instructor_5,2,2,481,46,168,9,2.1,195,3023,1,0,39333,2027-05-23,UK
Instructor_5,2,2,286,6,362,95,4.8,188,4353,3,0,18493,2027-05-30,USA
Instructor_2,2,1,389,25,313,97,4.8,11,3956,2,1,40697,2027-06-06,Australia
Instructor_5,0,0,361,39,256,47,2.4,50,926,2,1,18634,2027-06-13,India
Instructor_7,1,0,226,4,144,19,1.2,132,4707,0,0,25561,2027-06-20,USA
Instructor_1,2,0,190,20,422,38,1.7,91,4085,1,0,19033,2027-06-27,India
Instructor_4,0,1,238,13,271,59,2.6,153,2192,1,0,8351,2027-07-04,Australia
Instructor_0,2,0,98,3,415,65,4.8,141,3279,0,0,26921,2027-07-11,USA
Instructor_0,1,1,351,22,325,64,1.6,149,4638,0,1,20340,2027-07-18,USA
Instructor_4,0,1,418,41,429,50,4.1,38,4001,3,0,15901,2027-07-25,Australia
Instructor_2,1,1,239,19,280,35,1.4,144,2462,2,0,11638,2027-08-01,Australia
Instructor_3,1,2,185,14,358,23,4.9,23,2324,2,0,39596,2027-08-08,Australia
Instructor_2,0,0,92,49,168,26,2.5,21,1826,2,0,22378,2027-08-15,India
Instructor_0,0,0,453,44,317,1,4.1,108,2106,3,0,45324,2027-08-22,Australia
Instructor_0,0,1,429,28,482,30,2.4,142,366,0,0,23820,2027-08-29,India
Instructor_4,0,1,402,7,322,56,3.5,90,937,0,0,26060,2027-09-05,UK
Instructor_5,0,0,139,40,113,77,1.8,115,4684,2,1,33642,2027-09-12,USA
Instructor_2,0,1,344,47,347,65,1.6,41,4897,2,1,26378,2027-09-19,USA
Instructor_8,0,0,390,18,399,28,4.8,83,786,3,1,9150,2027-09-26,Canada
Instructor_4,2,2,294,47,462,14,4.7,180,3461,1,0,43875,2027-10-03,UK
Instructor_7,1,1,482,38,452,11,4.5,90,456,1,1,25059,2027-10-10,Australia
Instructor_0,0,0,241,45,60,27,3.5,78,3915,2,0,35525,2027-10-17,Australia
Instructor_4,2,1,367,27,147,83,4.2,54,971,3,0,19193,2027-10-24,UK
Instructor_2,2,0,155,45,483,23,1.3,115,2073,2,0,44967,2027-10-31,Australia
Instructor_0,2,0,412,26,120,20,2.3,146,4747,1,0,28801,2027-11-07,Canada
Instructor_3,1,1,359,3,413,9,2.3,186,1910,2,1,27246,2027-11-14,India
Instructor_4,0,2,431,14,107,77,3.5,170,4518,1,0,13807,2027-11-21,USA
Instructor_6,2,0,282,34,339,17,2.4,109,2741,1,0,18535,2027-11-28,UK
Instructor_0,1,0,314,36,300,87,1.6,155,2328,1,1,6492,2027-12-05,USA
Instructor_2,1,0,393,0,325,13,3.4,18,3491,0,1,32357,2027-12-12,India
Instructor_1,1,2,86,2,99,33,4.3,71,4278,0,1,7302,2027-12-19,UK
Instructor_8,2,2,354,46,407,57,2.5,194,2450,2,0,33314,2027-12-26,India
Instructor_9,0,1,90,23,265,75,1.5,38,4457,1,1,49697,2028-01-02,Australia
Instructor_5,2,2,66,26,443,21,1.8,134,4979,0,0,5747,2028-01-09,Australia
Instructor_9,2,1,393,39,465,69,1.9,123,2839,2,0,48006,2028-01-16,Australia
Instructor_2,0,1,326,35,101,35,2.2,162,2830,2,1,42170,2028-01-23,India
Instructor_7,0,2,356,33,320,44,3.6,152,1418,2,1,11686,2028-01-30,India
Instructor_7,0,1,108,28,133,35,3.4,143,1635,2,1,38449,2028-02-06,India
Instructor_1,1,2,472,23,436,21,3.8,129,4884,2,0,19891,2028-02-13,USA
Instructor_5,0,1,232,23,342,77,2.5,179,2543,3,0,37196,2028-02-20,India
Instructor_6,2,2,90,41,175,79,4.3,166,1872,1,0,30928,2028-02-27,Australia
Instructor_1,0,2,88,3,345,60,1.8,88,3309,2,0,8494,2028-03-05,Canada
Instructor_9,2,1,446,2,121,99,2.9,102,977,3,0,37723,2028-03-12,India
Instructor_1,1,0,241,33,345,55,4.2,13,2970,1,0,30877,2028-03-19,Canada
Instructor_9,2,1,316,48,285,88,1.7,91,3300,0,1,28981,2028-03-26,Australia
Instructor_0,2,2,196,22,105,95,1.4,194,4244,2,0,15026,2028-04-02,India
Instructor_7,0,0,444,22,456,32,4.5,186,3847,3,1,21422,2028-04-09,USA
Instructor_0,0,1,382,44,409,44,2.4,181,2936,0,1,10244,2028-04-16,USA
Instructor_8,2,1,176,4,444,35,3.7,84,392,3,1,34481,2028-04-23,Canada
Instructor_5,0,1,95,30,159,19,1.1,23,1751,1,1,24644,2028-04-30,USA
Instructor_6,1,0,94,40,241,17,3.8,140,4731,1,1,44848,2028-05-07,USA
Instructor_9,1,2,50,5,441,37,2.3,123,4506,0,0,9521,2028-05-14,USA
Instructor_6,0,1,217,36,142,66,1.2,71,636,3,0,2746,2028-05-21,Australia
Instructor_9,1,1,157,9,399,22,3.4,115,2786,2,0,18591,2028-05-28,USA
Instructor_2,0,1,68,39,105,95,2.0,73,333,2,0,27718,2028-06-04,UK
Instructor_1,2,1,381,6,109,15,2.5,111,2752,0,1,3696,2028-06-11,India
Instructor_8,2,1,121,38,187,58,1.3,182,2474,0,1,13012,2028-06-18,USA
Instructor_7,1,2,494,37,88,68,1.6,115,2372,0,1,15688,2028-06-25,USA
Instructor_9,0,2,158,20,77,67,2.2,195,1066,3,0,24457,2028-07-02,USA
Instructor_6,0,1,317,19,98,20,1.4,29,989,2,0,6036,2028-07-09,UK
Instructor_8,1,0,494,2,469,77,4.6,67,3963,2,0,40895,2028-07-16,USA
Instructor_3,2,2,289,21,174,94,1.0,121,3500,2,0,30960,2028-07-23,USA
Instructor_3,1,0,466,46,62,77,2.9,66,134,0,1,37486,2028-07-30,India
Instructor_0,2,2,350,3,85,69,1.5,128,4642,2,1,23159,2028-08-06,UK
Instructor_7,0,1,139,27,150,11,2.2,106,3623,1,0,8910,2028-08-13,UK
Instructor_2,2,2,152,11,331,15,4.7,101,1863,0,0,3693,2028-08-20,USA
Instructor_6,1,1,299,37,135,80,1.6,61,3391,2,1,16858,2028-08-27,UK
Instructor_1,0,2,57,35,53,86,4.9,46,2588,3,1,29810,2028-09-03,Canada
Instructor_1,1,1,202,46,272,13,1.8,17,2800,0,1,21092,2028-09-10,UK
Instructor_6,1,1,396,40,387,60,4.0,53,1658,1,1,24243,2028-09-17,UK
Instructor_5,2,1,223,4,497,70,3.2,107,4790,1,0,49700,2028-09-24,UK
Instructor_2,1,1,392,12,215,45,4.5,142,2376,3,1,31505,2028-10-01,Australia
Instructor_8,2,0,207,22,432,31,3.2,127,4106,3,1,8692,2028-10-08,Australia
Instructor_9,0,1,480,49,393,14,3.1,78,4539,0,1,29555,2028-10-15,Australia
Instructor_5,2,0,264,29,432,43,1.8,168,1203,0,1,7398,2028-10-22,UK
Instructor_9,0,0,226,36,425,16,1.7,54,1519,1,0,8252,2028-10-29,Canada
Instructor_9,2,1,224,24,327,40,4.7,146,1578,3,0,12721,2028-11-05,UK
Instructor_5,1,0,389,47,179,53,2.3,41,4014,0,0,18939,2028-11-12,USA
Instructor_0,2,2,387,26,80,43,2.5,42,3842,1,0,12825,2028-11-19,Canada
Instructor_3,2,1,195,13,424,97,4.0,135,3056,3,0,26251,2028-11-26,Australia
Instructor_9,0,0,499,47,60,4,2.4,76,1482,1,0,37955,2028-12-03,India
Instructor_5,1,1,373,46,351,26,4.8,39,2674,2,1,25151,2028-12-10,Canada
Instructor_5,2,1,210,35,145,86,4.0,123,3484,3,1,1036,2028-12-17,Australia
Instructor_4,1,1,176,38,239,77,3.4,38,1669,0,1,29412,2028-12-24,Canada
Instructor_0,2,0,469,15,241,78,4.5,140,1994,0,1,19171,2028-12-31,Canada
Instructor_7,2,2,131,21,315,42,1.2,194,2343,2,0,40051,2029-01-07,UK
Instructor_4,1,2,196,20,473,96,2.0,39,1966,3,1,33761,2029-01-14,USA
Instructor_4,2,0,288,20,177,30,2.9,146,128,1,0,16202,2029-01-21,India
Instructor_6,1,1,461,7,287,98,1.9,163,805,0,1,9060,2029-01-28,Australia
Instructor_3,2,0,473,48,457,16,4.0,139,1120,2,1,9065,2029-02-04,Canada
Instructor_5,0,0,133,15,404,91,4.7,71,2163,2,1,30873,2029-02-11,India
Instructor_3,1,0,162,30,477,82,2.7,12,1546,3,0,37648,2029-02-18,Canada
Instructor_2,2,1,274,41,161,53,2.4,183,3764,3,1,6932,2029-02-25,USA
Instructor_6,2,0,381,9,365,61,4.8,77,3087,0,0,27470,2029-03-04,India
Instructor_7,0,1,427,31,495,86,2.8,34,3702,2,0,9328,2029-03-11,Australia
Instructor_3,1,0,292,33,392,31,3.0,188,3785,1,1,7333,2029-03-18,Canada
Instructor_1,2,2,192,8,194,39,2.4,150,3468,2,0,47638,2029-03-25,USA
Instructor_9,0,0,90,16,114,12,4.6,53,3681,1,0,12268,2029-04-01,India
Instructor_2,2,0,472,10,296,83,3.3,172,2862,1,1,6067,2029-04-08,Canada
Instructor_0,1,2,307,31,272,34,4.0,64,4137,0,1,49384,2029-04-15,Canada
Instructor_7,2,1,496,9,362,4,4.2,146,672,2,1,45843,2029-04-22,Australia
Instructor_2,2,1,334,21,488,72,2.4,139,4188,1,1,18045,2029-04-29,USA
Instructor_9,2,0,154,16,155,28,2.7,198,714,3,1,41741,2029-05-06,UK
Instructor_6,2,2,251,3,230,69,4.4,50,4150,1,1,23770,2029-05-13,Canada
Instructor_9,0,1,499,47,233,24,2.5,181,425,3,0,43770,2029-05-20,India
Instructor_4,0,0,356,46,275,94,4.2,73,3840,3,1,8887,2029-05-27,Australia
Instructor_9,1,2,380,24,314,21,4.8,40,458,2,1,34182,2029-06-03,Australia
Instructor_4,0,1,315,20,327,65,3.5,56,3877,3,0,33370,2029-06-10,Canada
Instructor_6,0,1,447,36,446,44,4.0,139,2471,1,1,40618,2029-06-17,Canada
Instructor_8,1,2,259,37,138,68,4.2,105,1821,3,0,25918,2029-06-24,Canada
Instructor_4,0,2,100,48,225,90,4.4,86,1449,2,1,36497,2029-07-01,UK
Instructor_0,0,2,167,0,67,88,2.6,119,3796,0,1,29026,2029-07-08,Canada
Instructor_9,1,2,250,24,420,71,1.2,78,3996,1,0,12929,2029-07-15,USA
Instructor_9,1,0,426,35,473,0,2.6,67,4360,1,1,48756,2029-07-22,India
Instructor_0,1,2,88,16,450,83,3.7,115,1696,2,0,37665,2029-07-29,Canada
Instructor_1,2,1,77,40,448,43,2.8,53,1727,2,1,35937,2029-08-05,UK
Instructor_5,2,1,308,23,155,86,4.0,83,2602,2,1,14563,2029-08-12,India
Instructor_8,1,0,133,1,320,95,2.4,65,3908,2,0,29546,2029-08-19,Australia
Instructor_7,1,1,204,39,368,74,3.5,180,292,1,1,13888,2029-08-26,Canada
Instructor_4,1,1,166,14,216,38,1.7,136,2774,0,1,38338,2029-09-02,India
Instructor_0,2,2,51,31,62,53,4.0,171,3945,3,0,35283,2029-09-09,Australia
Instructor_6,2,1,142,38,386,87,3.2,39,2677,3,1,17958,2029-09-16,UK
Instructor_4,0,0,215,5,81,74,1.8,80,191,0,0,13634,2029-09-23,USA
Instructor_5,0,2,436,0,442,28,2.2,127,4334,0,1,20251,2029-09-30,Canada
Instructor_6,1,2,449,46,89,53,4.0,64,580,0,0,47566,2029-10-07,USA
Instructor_2,2,0,399,22,197,89,2.9,76,3016,2,1,20928,2029-10-14,UK
Instructor_9,2,2,345,38,267,15,1.9,150,4535,1,0,38245,2029-10-21,India
Instructor_2,2,2,307,16,268,98,4.9,12,1175,1,0,17455,2029-10-28,India
Instructor_4,1,0,130,33,131,19,3.9,35,2613,1,1,28144,2029-11-04,UK
Instructor_5,0,2,474,40,382,45,4.8,66,898,2,1,29013,2029-11-11,UK
Instructor_8,1,0,317,28,257,66,2.7,135,4670,1,0,22876,2029-11-18,Canada
Instructor_4,0,0,468,8,250,64,2.9,161,4049,2,1,27962,2029-11-25,Australia
Instructor_0,0,1,284,12,496,57,4.6,62,704,1,0,29084,2029-12-02,USA
Instructor_3,1,1,370,5,381,52,3.1,52,3079,0,1,43319,2029-12-09,USA
Instructor_4,0,2,360,5,477,0,3.8,197,697,3,1,22143,2029-12-16,India
Instructor_9,0,2,350,19,87,80,2.0,195,1632,3,0,27091,2029-12-23,India
Instructor_9,2,0,406,2,260,65,2.8,58,613,2,0,15179,2029-12-30,Canada
Instructor_4,0,2,262,16,493,28,1.5,51,1977,1,1,33807,2030-01-06,UK
Instructor_6,1,0,111,48,376,83,1.8,20,4072,3,1,11222,2030-01-13,USA
Instructor_3,1,0,98,11,298,69,1.0,112,3943,0,1,24949,2030-01-20,Canada
Instructor_0,0,2,176,47,276,7,1.2,107,1799,0,1,17116,2030-01-27,India
Instructor_4,2,0,272,46,97,28,4.9,155,1129,0,1,49817,2030-02-03,India
Instructor_6,2,1,458,44,67,50,2.0,94,4695,2,0,38564,2030-02-10,USA
Instructor_9,0,2,328,0,449,32,3.7,109,816,2,1,38374,2030-02-17,India
Instructor_9,0,1,457,16,488,2,4.4,113,4186,1,1,18667,2030-02-24,India
Instructor_5,1,2,343,2,344,59,3.2,189,765,0,0,9775,2030-03-03,Australia
Instructor_4,0,0,333,25,245,34,1.6,55,2308,1,0,30655,2030-03-10,UK
Instructor_3,2,2,326,14,236,68,3.9,53,1179,1,0,48632,2030-03-17,India
Instructor_1,0,1,487,35,394,90,3.4,31,327,0,1,15193,2030-03-24,Australia
Instructor_3,1,0,156,31,273,75,3.9,190,248,1,0,15676,2030-03-31,Canada
Instructor_9,1,2,195,31,367,83,4.1,196,1169,3,0,31776,2030-04-07,India
Instructor_9,1,2,469,3,446,19,4.9,123,4827,2,0,44225,2030-04-14,Canada
Instructor_2,1,2,148,17,414,72,3.3,134,1463,1,0,18199,2030-04-21,India
Instructor_9,1,1,478,48,386,38,2.4,133,4608,0,1,49812,2030-04-28,USA
Instructor_0,0,1,424,18,278,3,3.6,39,1855,2,1,16066,2030-05-05,Australia
Instructor_7,0,2,122,42,439,18,1.3,17,619,2,1,19895,2030-05-12,Australia
Instructor_4,0,0,486,34,126,90,4.6,107,3644,1,0,1246,2030-05-19,USA
Instructor_3,0,0,171,39,237,44,1.5,66,2422,3,0,22209,2030-05-26,UK
Instructor_7,1,1,79,13,395,42,2.3,120,1202,1,0,40284,2030-06-02,Australia
Instructor_6,2,0,237,32,319,12,4.3,82,697,3,0,17800,2030-06-09,Canada
Instructor_1,0,1,413,13,144,12,3.4,124,3373,2,0,47110,2030-06-16,Australia
Instructor_0,2,2,403,33,359,59,2.6,29,4149,1,0,24086,2030-06-23,UK
Instructor_3,0,1,337,3,181,56,2.9,34,2705,0,1,21101,2030-06-30,Canada
Instructor_7,0,1,244,23,88,85,4.4,28,2288,1,1,17491,2030-07-07,Canada
Instructor_1,2,2,205,28,121,91,2.4,14,4925,3,0,28207,2030-07-14,USA
Instructor_2,1,0,221,18,330,51,4.5,84,688,3,1,42798,2030-07-21,India
Instructor_0,0,1,384,5,382,52,1.4,137,4572,1,0,21897,2030-07-28,USA
Instructor_0,0,1,90,32,209,85,4.1,81,1507,3,0,30492,2030-08-04,India
Instructor_2,0,2,112,48,236,42,4.4,164,4946,2,1,2421,2030-08-11,USA
Instructor_4,2,0,72,39,240,82,1.7,49,4822,1,0,33015,2030-08-18,India
Instructor_2,1,1,409,18,471,71,2.7,35,3490,3,1,13970,2030-08-25,Australia
Instructor_0,2,2,124,0,169,71,1.7,36,3540,1,0,8283,2030-09-01,Canada
Instructor_0,2,1,97,4,269,41,3.8,199,1729,1,0,29488,2030-09-08,India
Instructor_7,1,2,209,26,102,89,3.1,92,1094,0,1,16945,2030-09-15,Australia
Instructor_9,2,0,362,15,271,25,3.5,137,4898,1,0,1255,2030-09-22,UK
Instructor_1,1,0,167,5,461,22,1.8,187,2159,0,0,12019,2030-09-29,USA
Instructor_2,0,0,149,39,180,42,1.8,179,4672,3,0,16487,2030-10-06,UK
Instructor_1,1,0,429,12,286,76,1.2,166,3086,0,1,42797,2030-10-13,Australia
Instructor_2,0,1,466,47,295,27,2.3,176,500,0,0,20346,2030-10-20,UK
Instructor_6,2,1,457,34,275,8,3.2,197,2955,0,0,36050,2030-10-27,UK
Instructor_0,2,0,216,18,257,19,4.4,178,2324,2,0,9744,2030-11-03,Australia
Instructor_9,0,0,339,11,455,55,3.7,42,3512,0,1,25756,2030-11-10,Canada
Instructor_7,2,0,489,15,145,82,2.7,106,156,1,1,18861,2030-11-17,India
Instructor_9,1,1,205,42,471,38,4.8,120,1975,0,1,26146,2030-11-24,USA
Instructor_9,0,0,470,9,249,50,3.9,25,4643,1,1,43687,2030-12-01,India
Instructor_9,2,0,56,24,296,11,4.7,32,4398,0,1,47103,2030-12-08,USA
Instructor_1,0,0,245,19,121,78,3.1,144,3868,2,0,22976,2030-12-15,India
Instructor_2,1,2,470,30,367,94,2.0,35,4933,3,1,1591,2030-12-22,UK
Instructor_8,1,0,105,3,234,54,1.2,105,4397,0,1,7277,2030-12-29,Canada
Instructor_6,2,2,370,43,55,77,3.9,21,1453,0,0,3260,2031-01-05,UK
Instructor_3,1,2,242,22,255,10,1.5,81,2510,2,1,44907,2031-01-12,Canada
Instructor_9,0,0,96,1,81,25,2.2,142,4411,0,0,1347,2031-01-19,Australia
Instructor_4,1,2,197,21,148,41,3.1,115,2702,1,1,25741,2031-01-26,USA
Instructor_1,0,0,324,36,443,26,3.3,126,3034,0,0,38211,2031-02-02,USA
Instructor_7,0,1,206,7,436,10,3.4,186,122,0,0,44856,2031-02-09,Australia
Instructor_3,1,1,251,6,305,37,1.7,35,2302,3,1,42542,2031-02-16,India
Instructor_8,2,1,493,13,236,97,2.5,142,1309,3,1,7869,2031-02-23,Australia
Instructor_4,1,1,451,2,125,42,3.5,31,2396,0,0,29082,2031-03-02,Australia
Instructor_8,0,2,468,49,226,18,4.9,22,848,2,0,23080,2031-03-09,Canada
Instructor_3,0,0,476,15,364,63,3.9,165,904,3,0,29979,2031-03-16,Australia
Instructor_9,1,0,175,18,336,5,4.7,170,233,0,0,20422,2031-03-23,USA
Instructor_4,2,0,444,17,398,45,4.0,116,4516,3,0,36613,2031-03-30,UK
Instructor_8,2,1,354,15,304,41,3.4,32,2537,0,0,23993,2031-04-06,Canada
Instructor_7,0,1,418,7,374,91,1.8,106,533,3,0,13386,2031-04-13,Canada
Instructor_2,0,0,343,32,239,64,3.7,27,3771,3,1,35033,2031-04-20,India
Instructor_0,2,1,113,48,357,98,3.5,126,3836,1,0,46213,2031-04-27,UK
Instructor_2,1,0,374,11,394,71,3.4,39,4139,0,1,13938,2031-05-04,Canada
Instructor_3,0,0,441,10,176,58,3.0,35,2198,0,1,12159,2031-05-11,Australia
Instructor_1,0,0,467,4,474,51,3.1,153,3017,0,0,3274,2031-05-18,Canada
Instructor_0,2,0,225,26,336,46,2.3,48,352,0,0,19854,2031-05-25,Canada
Instructor_6,1,0,165,11,303,6,3.1,170,4934,3,1,32815,2031-06-01,Canada
Instructor_7,2,0,489,16,262,10,1.8,163,1229,1,0,11482,2031-06-08,India
Instructor_6,1,0,253,5,299,60,4.2,185,3364,1,0,19961,2031-06-15,Canada
Instructor_4,1,1,370,32,133,67,1.7,175,401,2,1,21044,2031-06-22,Canada
Instructor_0,1,0,80,4,432,24,1.3,139,2077,0,1,34836,2031-06-29,India
Instructor_6,0,0,437,27,455,11,2.7,122,2863,2,1,22975,2031-07-06,UK
Instructor_6,2,1,162,13,437,25,3.6,143,4105,3,0,15706,2031-07-13,USA
Instructor_8,2,1,414,4,62,11,2.8,55,3341,2,0,6974,2031-07-20,India
Instructor_2,1,1,483,32,94,42,2.1,59,3157,0,1,11928,2031-07-27,India
Instructor_8,0,0,374,49,176,50,3.2,175,650,1,0,22213,2031-08-03,Canada
Instructor_0,0,2,463,47,475,36,2.4,115,1687,1,1,2950,2031-08-10,Canada
Instructor_0,2,2,425,40,163,45,4.7,155,1922,0,0,20477,2031-08-17,USA
Instructor_3,0,1,393,18,482,52,4.7,164,3317,3,1,11411,2031-08-24,Canada
Instructor_8,0,2,492,21,325,87,3.0,178,3596,0,0,22695,2031-08-31,Australia
Instructor_5,1,1,116,4,254,79,2.3,81,4509,3,1,47156,2031-09-07,Canada
Instructor_2,0,0,124,1,386,12,3.9,83,4379,1,0,18771,2031-09-14,Canada
Instructor_0,1,2,94,29,487,88,1.1,26,812,3,0,5274,2031-09-21,Australia
Instructor_3,2,0,309,46,469,53,2.9,199,2275,0,1,36053,2031-09-28,USA
Instructor_8,0,2,203,38,434,56,2.3,166,4172,0,0,8045,2031-10-05,Australia
Instructor_2,2,0,204,3,448,3,4.7,195,3949,0,0,30714,2031-10-12,India
Instructor_8,2,2,479,32,322,74,1.0,79,2533,3,1,35386,2031-10-19,Australia
Instructor_6,0,0,412,12,457,95,3.2,159,3401,3,0,44747,2031-10-26,UK
Instructor_3,0,0,497,19,107,48,4.0,15,370,3,0,9562,2031-11-02,India
Instructor_2,2,2,283,6,377,6,2.9,35,1894,1,0,28759,2031-11-09,Canada
Instructor_9,0,0,100,14,268,10,1.3,176,2562,2,1,13026,2031-11-16,India
Instructor_4,1,0,355,22,158,91,4.9,149,4393,2,1,41611,2031-11-23,USA
Instructor_4,1,0,311,13,328,53,3.1,108,3494,0,1,32589,2031-11-30,USA
Instructor_2,0,2,364,22,223,86,3.5,151,1179,1,1,43663,2031-12-07,Australia
Instructor_8,2,2,174,18,377,44,1.9,31,2978,3,1,32738,2031-12-14,India
Instructor_3,0,0,448,28,313,22,2.9,60,4823,0,0,27844,2031-12-21,Canada
Instructor_4,0,0,294,19,364,27,2.7,160,703,1,0,24447,2031-12-28,USA
Instructor_3,2,2,79,28,160,56,1.3,185,1685,0,1,25879,2032-01-04,Canada
Instructor_4,2,2,475,23,236,25,1.4,113,3157,1,0,12966,2032-01-11,UK
Instructor_6,1,0,171,17,318,24,4.3,187,4085,1,0,18732,2032-01-18,USA
Instructor_8,2,0,174,9,472,53,2.0,98,4789,2,0,6289,2032-01-25,Australia
Instructor_6,1,0,86,40,278,28,1.8,150,1495,0,0,21012,2032-02-01,UK
Instructor_4,2,1,219,7,205,82,3.0,147,3788,3,1,19812,2032-02-08,India
Instructor_9,0,2,173,25,238,96,4.1,192,699,2,1,36801,2032-02-15,Canada
Instructor_9,1,1,406,28,321,35,1.2,18,613,2,0,42628,2032-02-22,USA
Instructor_6,1,2,84,9,424,13,3.3,88,1166,3,0,41581,2032-02-29,UK
Instructor_9,1,2,136,16,51,77,1.5,61,2986,1,1,47628,2032-03-07,UK
Instructor_4,0,2,183,1,295,34,1.1,139,2753,3,0,24092,2032-03-14,USA
Instructor_2,0,2,245,5,259,29,1.2,162,1188,0,0,26105,2032-03-21,India
Instructor_6,0,2,323,4,450,91,4.3,22,4485,3,0,15294,2032-03-28,India
Instructor_1,0,2,250,27,335,16,1.5,60,4964,1,1,4621,2032-04-04,Australia
Instructor_8,0,2,418,40,408,66,1.2,195,2614,3,1,33442,2032-04-11,India
Instructor_9,1,1,334,4,62,79,2.8,43,4069,1,0,22699,2032-04-18,Australia
Instructor_9,0,0,126,17,145,29,4.4,44,3384,1,0,3347,2032-04-25,UK
Instructor_0,1,0,108,25,270,92,2.0,140,4666,0,0,30486,2032-05-02,USA
Instructor_5,0,1,480,19,287,44,2.7,129,2296,3,0,48650,2032-05-09,India
Instructor_6,2,1,175,40,143,78,1.2,196,4283,3,0,18110,2032-05-16,Australia
Instructor_7,1,1,450,48,387,88,2.8,79,889,0,0,5923,2032-05-23,UK
Instructor_9,2,1,158,26,318,50,3.3,185,3575,1,1,16611,2032-05-30,India
Instructor_8,1,2,273,48,220,46,3.3,156,3253,3,1,49135,2032-06-06,Canada
Instructor_1,2,0,327,11,143,52,2.3,76,1764,0,0,20199,2032-06-13,UK
Instructor_9,0,2,117,6,198,63,2.3,112,1409,1,1,10066,2032-06-20,India
Instructor_1,0,0,118,2,161,37,1.4,82,964,0,0,37047,2032-06-27,UK
Instructor_4,0,0,214,9,104,63,2.5,125,3963,3,0,27754,2032-07-04,USA
Instructor_4,1,1,354,33,386,86,1.4,142,3463,0,1,37575,2032-07-11,USA
Instructor_5,2,2,446,24,473,88,4.1,76,3624,2,1,25260,2032-07-18,USA
Instructor_2,0,1,211,34,165,6,4.9,148,3886,1,0,47733,2032-07-25,Canada
Instructor_7,2,2,414,15,192,21,4.9,130,123,2,0,49891,2032-08-01,USA
Instructor_0,2,0,391,1,250,80,4.5,103,3103,2,1,17991,2032-08-08,Canada
Instructor_5,0,1,358,23,229,81,3.4,138,410,1,1,23553,2032-08-15,USA
Instructor_3,0,1,428,9,251,40,3.8,100,1331,1,0,25174,2032-08-22,UK
Instructor_0,2,0,392,37,413,73,2.1,101,3888,0,0,22957,2032-08-29,India
Instructor_6,0,0,484,21,102,9,3.5,72,2811,1,0,1634,2032-09-05,India
Instructor_8,0,0,436,25,433,56,2.8,38,4901,2,1,30881,2032-09-12,USA
Instructor_3,0,1,91,42,229,6,2.9,21,521,2,0,13771,2032-09-19,India
Instructor_3,1,2,403,38,463,49,4.0,86,1873,3,1,19298,2032-09-26,USA
Instructor_5,2,1,465,26,466,90,2.1,50,3668,1,0,15340,2032-10-03,USA
Instructor_2,2,2,158,28,362,51,2.3,139,1046,2,1,34356,2032-10-10,Australia
Instructor_5,1,1,100,46,357,32,4.7,46,1286,3,1,36999,2032-10-17,Australia
Instructor_6,2,1,299,37,186,0,1.2,182,1934,3,1,7351,2032-10-24,Australia
Instructor_9,0,0,390,19,231,52,2.9,185,1664,0,1,4838,2032-10-31,Canada
Instructor_9,2,2,479,26,416,59,4.7,33,2047,2,0,2973,2032-11-07,Australia
Instructor_2,0,1,432,40,50,33,3.4,108,1408,0,1,48114,2032-11-14,USA
Instructor_6,1,1,70,19,93,3,3.2,159,3086,2,1,38812,2032-11-21,UK
Instructor_2,0,0,349,43,276,16,2.0,109,486,0,1,11247,2032-11-28,Australia
Instructor_1,2,0,188,18,380,3,2.4,148,1261,0,0,45440,2032-12-05,Australia
Instructor_9,2,2,408,19,147,42,4.4,67,3358,1,0,32655,2032-12-12,UK
Instructor_3,2,1,373,34,257,89,3.2,183,4911,0,0,44039,2032-12-19,USA
Instructor_7,1,2,434,46,314,3,3.1,38,4033,1,0,7683,2032-12-26,Canada
Instructor_8,1,1,141,1,337,0,1.4,172,2947,3,0,12244,2033-01-02,Australia
Instructor_6,2,2,496,29,320,70,1.1,152,4621,2,0,30058,2033-01-09,UK
Instructor_0,0,0,329,33,189,93,4.9,69,1539,3,1,40551,2033-01-16,USA
Instructor_2,1,1,174,21,286,49,2.5,104,3542,2,1,39362,2033-01-23,India
Instructor_8,2,2,446,2,490,72,3.4,51,4580,3,1,29371,2033-01-30,Canada
Instructor_0,2,0,160,5,441,60,1.3,52,155,2,0,4822,2033-02-06,UK
Instructor_8,1,0,403,14,121,34,3.7,83,3424,0,1,29878,2033-02-13,UK
Instructor_7,1,2,188,26,204,7,4.7,186,205,2,1,37157,2033-02-20,UK
Instructor_0,1,1,484,9,239,23,3.3,169,3301,2,0,6914,2033-02-27,Australia
Instructor_5,0,1,322,8,317,82,1.5,73,769,3,1,19164,2033-03-06,India
Instructor_4,0,0,148,32,370,35,3.3,11,4571,3,0,28180,2033-03-13,Canada
Instructor_5,2,1,301,31,156,49,4.1,161,842,3,1,4688,2033-03-20,USA
Instructor_9,1,1,387,47,281,42,2.6,75,1066,1,0,15683,2033-03-27,USA
Instructor_4,0,1,153,5,91,26,4.5,175,407,1,0,14080,2033-04-03,India
Instructor_5,1,0,263,40,239,31,3.6,40,2238,2,0,31953,2033-04-10,UK
Instructor_4,2,2,298,35,420,77,4.6,124,3564,2,1,10916,2033-04-17,UK
Instructor_4,0,1,201,1,188,17,3.5,35,4997,0,1,30677,2033-04-24,UK
Instructor_3,0,0,299,28,152,27,1.5,38,209,0,0,28360,2033-05-01,UK
Instructor_2,0,0,324,3,220,28,2.2,87,3732,2,0,38805,2033-05-08,UK
Instructor_2,2,2,214,0,400,15,1.8,34,4535,1,1,14453,2033-05-15,India
Instructor_3,1,1,390,18,322,98,4.6,57,2015,2,1,23703,2033-05-22,Australia
Instructor_8,0,1,57,25,465,46,4.0,74,4363,0,0,9640,2033-05-29,Canada
Instructor_1,2,2,333,24,270,58,3.7,190,656,1,1,30263,2033-06-05,UK
Instructor_8,1,2,54,9,262,30,2.2,76,204,1,1,33849,2033-06-12,Australia
Instructor_0,2,0,194,14,390,3,1.7,99,2147,0,1,40046,2033-06-19,USA
Instructor_0,1,0,150,21,473,36,4.0,155,245,2,0,17078,2033-06-26,India
Instructor_4,2,2,213,47,456,16,2.9,146,2863,3,0,24383,2033-07-03,Australia
Instructor_5,1,1,423,20,105,38,1.9,47,973,2,1,16536,2033-07-10,UK
Instructor_5,0,0,196,21,439,47,3.5,96,398,2,0,8410,2033-07-17,UK
Instructor_2,1,0,113,35,391,45,1.2,158,3338,0,1,16926,2033-07-24,UK
Instructor_6,2,1,140,33,483,89,2.3,74,745,1,1,49268,2033-07-31,Australia
Instructor_8,2,0,166,29,151,47,2.9,158,4833,0,0,35248,2033-08-07,UK
Instructor_9,1,1,403,24,470,38,1.6,36,3178,2,0,32159,2033-08-14,Australia
Instructor_7,0,1,316,44,241,3,4.9,115,2611,3,0,43039,2033-08-21,UK
Instructor_5,0,1,359,27,359,29,1.8,132,883,3,1,37366,2033-08-28,USA
Instructor_7,1,2,222,0,249,29,1.5,53,470,3,1,48800,2033-09-04,USA
Instructor_4,1,2,96,48,282,21,1.8,109,586,0,0,41761,2033-09-11,Canada
Instructor_7,2,2,189,44,482,74,4.1,37,2137,1,0,30090,2033-09-18,UK
Instructor_9,0,1,295,3,276,65,2.7,182,3296,0,0,21567,2033-09-25,UK
Instructor_3,1,1,198,6,420,11,3.3,26,1460,3,1,44663,2033-10-02,Australia
Instructor_9,0,2,295,48,188,93,1.1,136,4387,2,1,16367,2033-10-09,Australia
Instructor_7,1,0,444,8,393,35,1.1,132,4925,1,1,41412,2033-10-16,UK
Instructor_9,1,1,54,35,354,17,2.8,177,2361,0,0,45716,2033-10-23,Canada
Instructor_1,0,0,233,18,198,89,4.3,140,2721,0,0,36367,2033-10-30,UK
Instructor_4,1,0,69,0,164,52,4.5,85,1056,1,1,6813,2033-11-06,Australia
Instructor_8,1,1,474,9,499,70,1.3,55,480,1,0,37621,2033-11-13,UK
Instructor_3,2,1,95,35,112,0,3.2,167,3749,2,0,35269,2033-11-20,Australia
Instructor_5,1,0,61,8,153,57,4.7,78,4993,1,0,42190,2033-11-27,UK
Instructor_0,1,0,119,44,388,89,2.6,146,338,2,0,41318,2033-12-04,India
Instructor_8,1,2,66,45,408,86,4.3,94,1205,3,1,38018,2033-12-11,Australia
Instructor_0,2,2,420,41,205,89,1.5,20,1486,3,0,40759,2033-12-18,Canada
Instructor_4,0,1,196,31,322,5,4.7,78,2652,0,1,17498,2033-12-25,India
Instructor_3,2,2,203,31,55,69,4.0,108,2349,3,1,26989,2034-01-01,UK
Instructor_2,2,2,353,5,196,43,4.8,100,1627,3,0,38174,2034-01-08,Australia
Instructor_5,0,2,157,47,233,71,3.7,168,1767,2,1,26568,2034-01-15,India
Instructor_1,2,2,285,37,77,23,2.5,170,4232,0,1,2041,2034-01-22,Canada
Instructor_2,0,0,357,16,499,85,4.8,176,2791,1,0,40695,2034-01-29,Australia
Instructor_4,2,1,401,9,87,18,2.1,103,3772,0,1,31099,2034-02-05,India
Instructor_8,0,2,119,49,168,17,2.3,183,2096,3,1,25364,2034-02-12,India
Instructor_1,1,0,232,26,342,94,3.8,174,1525,1,1,41639,2034-02-19,India
Instructor_9,2,0,299,49,420,29,4.1,124,2912,0,1,40143,2034-02-26,USA
Instructor_7,2,0,277,34,293,41,4.7,197,3347,0,1,24482,2034-03-05,UK
Instructor_1,2,2,151,20,117,32,1.8,40,2692,0,1,4676,2034-03-12,Australia
Instructor_4,2,2,124,24,263,73,4.2,20,1590,0,1,46785,2034-03-19,Australia
Instructor_6,1,1,466,27,267,11,4.0,96,1324,2,1,22781,2034-03-26,Australia
Instructor_7,2,2,495,46,226,93,1.3,130,2687,0,0,31048,2034-04-02,India
Instructor_0,1,2,265,14,348,26,2.5,139,3164,3,0,4065,2034-04-09,UK
Instructor_5,1,0,456,3,213,38,2.1,114,932,3,0,3036,2034-04-16,Canada
Instructor_0,1,1,448,28,107,8,2.2,36,4792,2,1,36814,2034-04-23,Australia
Instructor_1,1,2,460,8,318,20,4.9,11,2540,1,1,17924,2034-04-30,UK
Instructor_0,0,2,252,26,357,75,3.6,112,4895,1,1,33844,2034-05-07,UK
Instructor_4,0,0,241,25,107,28,3.9,110,1746,3,0,49648,2034-05-14,USA
Instructor_9,2,0,298,18,337,32,4.9,30,540,3,0,17407,2034-05-21,Australia
Instructor_8,0,2,291,27,154,61,2.5,67,1629,2,0,22518,2034-05-28,India
Instructor_5,0,1,228,16,277,14,4.2,142,3065,1,1,18059,2034-06-04,UK
Instructor_0,2,1,486,42,296,1,2.7,189,2467,1,0,24052,2034-06-11,UK
Instructor_0,2,0,268,40,237,51,4.5,182,3386,0,0,5267,2034-06-18,Canada
Instructor_1,2,0,131,41,132,43,1.7,94,4763,0,1,6988,2034-06-25,USA
Instructor_8,0,2,141,49,235,53,4.8,102,4431,0,0,28974,2034-07-02,UK
Instructor_2,0,0,484,19,301,17,1.9,29,1404,2,1,25036,2034-07-09,UK
Instructor_0,2,2,224,44,404,2,2.3,70,3134,3,0,9680,2034-07-16,India
Instructor_4,1,1,288,39,287,6,4.0,47,3788,2,1,2485,2034-07-23,India
Instructor_6,2,1,309,38,409,42,2.6,157,4073,1,1,15713,2034-07-30,Canada
Instructor_5,1,2,440,48,233,81,3.4,34,1285,3,1,21043,2034-08-06,Canada
Instructor_0,1,0,414,22,333,37,2.8,139,3362,0,1,3419,2034-08-13,Canada
Instructor_4,2,1,212,46,434,36,4.0,130,2207,2,1,49080,2034-08-20,India
Instructor_4,2,0,97,31,475,57,1.9,169,1940,2,0,37263,2034-08-27,India
Instructor_5,2,1,378,46,259,32,1.2,35,4420,0,1,18140,2034-09-03,USA
Instructor_2,0,2,377,32,353,58,2.2,178,2847,2,1,44484,2034-09-10,Australia
Instructor_4,1,2,165,45,345,94,2.9,76,4777,0,1,46210,2034-09-17,Australia
Instructor_6,0,2,478,4,146,10,1.7,10,4364,1,1,13961,2034-09-24,USA
Instructor_4,0,1,386,42,496,67,2.4,60,3233,3,0,44075,2034-10-01,Australia
Instructor_4,2,0,386,47,257,81,2.6,14,3520,1,1,7487,2034-10-08,India
Instructor_4,0,0,418,33,419,67,1.2,22,1565,1,0,32110,2034-10-15,Australia
Instructor_9,2,0,274,39,437,97,3.3,156,4209,0,1,43432,2034-10-22,India
Instructor_9,1,1,401,10,471,92,4.5,149,2311,2,1,17360,2034-10-29,USA
Instructor_2,2,1,377,49,460,87,1.6,57,2904,1,0,37843,2034-11-05,Canada
Instructor_0,0,1,196,2,186,21,3.4,162,1643,1,0,25882,2034-11-12,USA
Instructor_4,0,1,112,32,416,65,3.7,66,1789,1,0,18502,2034-11-19,Australia
Instructor_8,2,1,343,10,449,43,2.7,124,1671,2,1,49053,2034-11-26,India
Instructor_0,2,0,372,15,233,5,3.8,44,4641,2,0,8631,2034-12-03,Australia
Instructor_2,0,1,492,17,125,41,2.6,85,3379,0,1,4017,2034-12-10,Australia
Instructor_3,1,1,374,29,336,24,3.0,103,3641,1,0,21725,2034-12-17,Canada
Instructor_0,1,0,62,47,424,56,1.0,14,4911,3,0,25762,2034-12-24,Australia
Instructor_0,2,1,480,9,191,84,3.8,31,3123,2,1,1784,2034-12-31,Canada
Instructor_7,1,0,238,17,286,54,3.6,112,918,0,0,29020,2035-01-07,India
Instructor_1,0,0,336,37,74,15,1.2,194,4621,1,0,39459,2035-01-14,India
Instructor_7,2,2,257,18,339,94,2.5,184,1224,3,1,16765,2035-01-21,Canada
Instructor_6,0,2,163,35,116,13,4.9,191,1229,2,1,32127,2035-01-28,USA
Instructor_9,0,2,71,12,299,38,2.7,140,1802,3,1,4196,2035-02-04,India
Instructor_9,1,2,398,45,457,27,3.0,133,2101,2,0,10552,2035-02-11,USA
Instructor_1,2,1,263,2,167,95,4.6,62,3978,0,0,42300,2035-02-18,India
Instructor_5,2,2,220,9,122,91,3.9,168,4472,3,0,32921,2035-02-25,India
Instructor_5,1,0,372,37,331,50,3.3,78,1906,1,0,5746,2035-03-04,UK
Instructor_2,0,1,103,0,453,48,4.2,113,3047,1,0,3999,2035-03-11,Australia
Instructor_1,0,2,443,26,497,8,4.5,170,3309,2,1,45070,2035-03-18,Australia
Instructor_0,0,0,347,45,409,57,2.8,187,2252,1,0,16595,2035-03-25,USA
Instructor_5,0,1,369,7,59,44,2.9,25,4741,3,1,23063,2035-04-01,Australia
Instructor_4,2,1,175,45,260,21,2.5,125,4305,0,0,7200,2035-04-08,USA
Instructor_8,2,2,326,41,372,31,4.9,85,644,2,1,39164,2035-04-15,India
Instructor_0,1,1,253,16,201,68,3.8,118,2501,3,0,24377,2035-04-22,UK
Instructor_6,1,0,243,8,54,86,1.3,48,4938,2,0,14410,2035-04-29,UK
Instructor_4,2,1,218,5,244,68,4.5,98,2464,0,1,46971,2035-05-06,India
Instructor_4,2,0,201,42,491,41,2.9,183,1389,2,0,4598,2035-05-13,Canada
Instructor_1,0,1,84,24,332,52,1.3,121,3865,1,1,11564,2035-05-20,Canada
Instructor_2,0,2,233,38,162,95,3.2,56,1975,1,0,46516,2035-05-27,Australia
Instructor_6,1,0,335,48,320,58,2.7,181,4528,2,0,31898,2035-06-03,USA
Instructor_5,2,1,106,27,212,73,4.5,146,4787,0,1,21598,2035-06-10,UK
Instructor_1,1,1,271,32,154,38,1.8,137,882,0,0,41404,2035-06-17,Australia
Instructor_5,2,1,352,36,230,14,4.3,187,639,1,1,18862,2035-06-24,India
Instructor_1,0,0,212,8,93,70,3.2,86,2882,0,0,11265,2035-07-01,UK
Instructor_1,1,0,68,17,331,28,1.2,197,2768,2,0,10705,2035-07-08,USA
Instructor_1,1,0,419,20,224,2,4.9,24,4814,3,0,26544,2035-07-15,USA
Instructor_2,2,2,313,1,211,82,3.1,45,4037,2,0,15298,2035-07-22,Canada
Instructor_1,0,2,331,42,400,9,2.2,72,3056,1,0,33670,2035-07-29,Australia
Instructor_3,1,0,162,37,483,91,2.9,78,3822,1,0,43471,2035-08-05,India
Instructor_8,0,1,376,39,389,28,4.4,178,3967,1,0,47104,2035-08-12,UK
Instructor_5,1,2,79,35,189,78,2.2,83,1933,0,1,41934,2035-08-19,USA
Instructor_0,0,0,184,49,181,34,1.8,33,2246,2,0,49884,2035-08-26,UK
Instructor_7,2,1,116,42,136,5,1.5,58,2270,3,0,7050,2035-09-02,India
Instructor_6,1,2,114,36,225,11,2.2,155,3491,2,0,44952,2035-09-09,UK
Instructor_9,1,1,341,14,232,37,4.1,16,1716,3,1,22034,2035-09-16,Australia
Instructor_2,0,1,74,27,417,76,2.9,13,4717,2,1,46480,2035-09-23,Canada
Instructor_0,0,1,86,17,178,92,1.9,99,1016,1,0,9484,2035-09-30,UK
Instructor_4,1,1,50,33,295,18,1.7,69,4912,3,0,32323,2035-10-07,Canada
Instructor_3,2,2,448,21,138,66,2.3,64,2856,2,0,21796,2035-10-14,India
Instructor_9,0,2,86,10,115,7,4.8,25,2036,0,1,30069,2035-10-21,Canada
Instructor_7,0,2,190,12,207,7,2.4,38,4142,0,0,22827,2035-10-28,UK
Instructor_0,0,0,281,3,436,83,5.0,160,3191,2,1,36361,2035-11-04,UK
Instructor_9,1,2,185,21,427,46,2.9,23,4755,1,0,11315,2035-11-11,USA
Instructor_0,1,1,438,6,198,3,1.7,88,1068,3,1,48968,2035-11-18,UK
Instructor_3,1,2,237,42,389,50,4.6,186,3464,2,1,27519,2035-11-25,Canada
Instructor_7,1,1,177,23,482,84,2.8,42,3303,0,0,10107,2035-12-02,USA
Instructor_4,2,0,250,3,165,66,3.8,162,989,3,0,4869,2035-12-09,UK
Instructor_1,2,1,176,27,263,44,4.9,30,892,0,0,16447,2035-12-16,UK
Instructor_5,1,1,306,14,495,7,1.2,154,3558,0,0,28370,2035-12-23,India
Instructor_4,2,1,213,0,421,86,1.4,32,1081,2,0,8971,2035-12-30,USA
Instructor_1,0,0,84,2,343,15,3.9,66,3631,0,0,32269,2036-01-06,India
Instructor_2,0,2,243,13,302,76,2.1,195,3629,3,0,26651,2036-01-13,India
Instructor_8,0,2,240,37,192,66,1.7,151,901,1,1,36757,2036-01-20,India
Instructor_6,1,0,153,49,299,8,1.2,102,142,2,0,24446,2036-01-27,Australia
Instructor_6,0,1,72,0,415,59,1.1,29,3449,3,0,39108,2036-02-03,India
Instructor_5,2,2,314,37,485,77,4.1,167,1877,2,1,10643,2036-02-10,Canada
Instructor_7,1,0,339,37,351,76,1.5,28,3301,0,0,4823,2036-02-17,UK
Instructor_3,2,2,479,20,74,70,2.9,190,449,0,0,14454,2036-02-24,Australia
Instructor_7,0,0,433,47,326,14,3.4,112,1667,3,0,4932,2036-03-02,India
Instructor_3,0,1,309,28,426,70,2.7,193,1229,3,0,11220,2036-03-09,UK
Instructor_7,0,2,463,4,427,97,1.1,86,3059,1,1,9554,2036-03-16,USA
Instructor_8,1,0,407,48,438,40,4.1,160,3887,3,1,3429,2036-03-23,USA
Instructor_2,2,2,124,9,119,21,1.0,199,1880,3,0,29208,2036-03-30,UK
Instructor_2,1,2,404,27,162,23,4.0,42,683,2,0,8444,2036-04-06,Canada
Instructor_1,1,2,121,20,412,43,4.6,27,4627,0,1,11510,2036-04-13,UK
Instructor_9,0,2,308,49,161,0,2.7,82,3477,3,0,45045,2036-04-20,UK
Instructor_2,1,0,447,6,413,9,3.1,170,3501,1,1,11537,2036-04-27,Australia
Instructor_2,1,1,237,2,352,79,2.9,169,3285,3,1,8147,2036-05-04,USA
Instructor_4,0,0,222,44,140,71,2.6,198,2294,0,1,41399,2036-05-11,USA
Instructor_4,1,0,339,46,67,55,4.5,191,1262,3,0,4598,2036-05-18,India
Instructor_1,0,0,94,19,198,88,4.6,26,398,2,0,38097,2036-05-25,UK
Instructor_9,0,1,110,18,276,49,2.3,28,3447,0,0,7718,2036-06-01,UK
Instructor_5,0,2,132,34,263,11,3.5,79,2039,3,1,43691,2036-06-08,Canada
Instructor_4,0,2,172,3,409,88,4.7,129,888,2,0,14782,2036-06-15,USA
Instructor_5,1,2,407,4,200,80,4.8,110,2989,0,0,1051,2036-06-22,Canada
Instructor_0,0,1,65,0,241,59,3.0,43,1477,3,1,17702,2036-06-29,Australia
Instructor_4,0,2,115,3,89,25,2.8,93,2049,2,0,11184,2036-07-06,India
Instructor_8,1,1,473,11,291,77,2.1,162,3372,1,0,13468,2036-07-13,Canada
Instructor_9,1,2,194,26,187,40,4.8,83,977,2,0,23072,2036-07-20,USA
Instructor_1,2,2,424,41,394,35,1.6,97,3842,1,1,16479,2036-07-27,Australia
Instructor_0,1,0,211,22,229,22,3.3,94,1677,3,0,29467,2036-08-03,UK
Instructor_9,1,1,283,24,249,42,2.1,20,3239,2,1,24402,2036-08-10,Australia
Instructor_8,2,0,429,20,252,5,2.1,100,2592,1,1,8210,2036-08-17,Canada
Instructor_9,1,0,193,23,110,68,2.6,153,2855,0,1,46702,2036-08-24,USA
Instructor_8,1,0,407,24,241,42,5.0,198,2003,2,0,37724,2036-08-31,Canada
Instructor_8,1,1,237,44,54,24,1.2,136,1482,3,0,7057,2036-09-07,UK
Instructor_5,1,1,371,45,427,17,3.3,122,4340,0,0,31916,2036-09-14,UK
Instructor_7,2,2,499,31,286,61,1.3,89,2422,1,1,28268,2036-09-21,USA
Instructor_0,1,0,62,31,230,12,1.6,16,2656,2,1,44978,2036-09-28,India
Instructor_9,1,2,233,4,360,42,2.8,25,1961,2,0,48358,2036-10-05,Australia
Instructor_3,2,0,160,35,86,77,3.0,25,1966,3,1,24259,2036-10-12,Australia
Instructor_0,0,1,464,45,105,27,2.0,177,4147,0,0,14864,2036-10-19,UK
Instructor_7,2,1,339,41,492,17,2.3,21,3275,2,0,35293,2036-10-26,Canada
Instructor_0,0,1,344,48,286,58,1.3,44,1198,2,0,47045,2036-11-02,Canada
Instructor_2,2,0,441,41,407,59,2.2,30,1834,0,0,8043,2036-11-09,India
Instructor_3,2,1,264,38,398,62,4.9,187,4763,2,0,42473,2036-11-16,Canada
Instructor_7,1,0,169,15,246,56,4.8,180,3516,0,0,39893,2036-11-23,Australia
Instructor_5,0,2,431,32,122,91,2.3,26,4726,0,0,41642,2036-11-30,Canada
Instructor_9,1,0,104,48,108,50,3.3,41,780,0,1,13529,2036-12-07,India
Instructor_6,0,2,76,20,289,55,4.6,50,2170,3,0,31868,2036-12-14,Australia
Instructor_7,2,0,167,8,51,26,1.0,143,4924,0,1,27309,2036-12-21,Canada
Instructor_1,2,2,270,5,498,31,4.2,36,1829,0,1,24284,2036-12-28,Australia
Instructor_9,0,1,280,44,409,8,4.8,157,2291,1,0,48723,2037-01-04,UK
Instructor_7,1,2,102,34,237,95,1.4,162,767,1,1,36268,2037-01-11,UK
Instructor_2,1,1,344,38,356,83,1.6,75,1712,3,1,4464,2037-01-18,UK
Instructor_6,1,1,370,21,79,91,4.8,146,780,0,1,19643,2037-01-25,Canada
Instructor_2,1,2,450,40,316,96,3.2,101,1072,1,0,30265,2037-02-01,India
Instructor_6,2,0,282,4,157,67,1.1,190,2946,1,0,16954,2037-02-08,Australia
Instructor_1,2,0,207,41,381,45,2.0,70,2232,2,0,24880,2037-02-15,USA
Instructor_9,2,0,486,22,472,97,2.8,175,2563,0,0,20043,2037-02-22,UK
Instructor_5,2,0,318,16,139,66,3.8,12,2629,1,0,1255,2037-03-01,UK
Instructor_2,2,0,70,11,254,25,3.9,112,2603,3,1,2502,2037-03-08,USA
Instructor_2,1,1,452,22,428,7,5.0,64,4492,2,1,5656,2037-03-15,USA
Instructor_8,1,0,102,15,496,5,2.2,10,3283,2,0,11302,2037-03-22,Canada
Instructor_6,1,1,324,2,497,79,3.2,110,4133,0,1,6430,2037-03-29,Australia
Instructor_4,1,1,362,29,494,23,3.1,54,3267,0,1,42366,2037-04-05,UK
Instructor_9,2,1,330,21,430,47,2.6,184,3097,2,1,28425,2037-04-12,India
Instructor_6,2,2,263,8,487,93,1.7,35,3327,3,1,49744,2037-04-19,Canada
Instructor_8,2,2,80,28,269,44,4.9,130,2252,0,0,2860,2037-04-26,Canada
Instructor_0,0,1,386,46,427,12,4.4,151,1828,0,0,7158,2037-05-03,India
Instructor_6,1,2,232,36,143,68,3.0,191,2124,2,0,6806,2037-05-10,India
Instructor_5,1,0,72,22,152,24,3.4,55,429,2,1,21738,2037-05-17,India
Instructor_9,2,0,81,12,272,19,1.9,131,2586,0,1,18106,2037-05-24,USA
Instructor_8,1,1,495,31,235,81,3.2,40,1255,1,0,10474,2037-05-31,UK
Instructor_0,1,0,123,45,233,81,3.8,68,1990,0,0,17997,2037-06-07,USA
Instructor_3,2,1,59,46,211,65,3.1,38,4577,1,1,33599,2037-06-14,UK
Instructor_8,0,1,103,47,296,73,5.0,115,2285,2,0,6790,2037-06-21,USA
Instructor_3,0,0,101,22,80,44,3.4,26,2417,1,0,11170,2037-06-28,Australia
Instructor_9,0,2,197,44,101,46,2.5,151,3721,3,1,10004,2037-07-05,UK
Instructor_2,2,0,209,16,394,62,4.1,173,4591,2,1,43746,2037-07-12,Canada
Instructor_8,1,0,419,39,125,75,1.7,195,2611,0,0,26792,2037-07-19,UK
Instructor_1,2,1,63,20,434,76,2.5,33,549,0,1,31216,2037-07-26,UK
Instructor_3,2,1,227,1,488,54,2.4,118,1454,2,0,8232,2037-08-02,UK
Instructor_5,1,1,461,36,327,74,2.7,100,1393,2,1,13674,2037-08-09,Australia
Instructor_1,0,1,415,5,89,18,4.1,34,2565,3,1,17052,2037-08-16,USA
Instructor_7,0,2,102,43,150,34,2.9,196,3202,2,0,49542,2037-08-23,Canada
Instructor_7,2,2,457,17,160,52,4.2,41,1949,0,1,6913,2037-08-30,USA
Instructor_0,0,2,384,29,434,25,3.3,125,3275,3,0,47870,2037-09-06,USA
Instructor_2,2,1,71,21,370,13,2.4,91,4381,0,1,49157,2037-09-13,India
Instructor_9,2,1,79,32,298,44,4.2,119,3299,1,0,28913,2037-09-20,Australia
Instructor_8,1,1,240,29,240,43,2.0,155,1333,2,1,11567,2037-09-27,India
Instructor_4,1,2,309,16,231,87,1.9,46,1537,1,1,39379,2037-10-04,Australia
Instructor_5,1,1,254,42,475,64,3.0,35,3452,0,0,10432,2037-10-11,USA
Instructor_3,2,0,108,31,454,50,2.0,146,4130,1,1,1319,2037-10-18,USA
Instructor_9,1,0,313,41,384,42,1.0,73,352,1,0,25469,2037-10-25,Australia
Instructor_1,0,1,61,13,258,85,3.6,81,118,0,1,46454,2037-11-01,USA
Instructor_7,0,0,168,9,71,22,3.0,157,2859,0,1,27490,2037-11-08,USA
Instructor_5,2,0,464,46,215,55,2.8,191,322,2,0,21584,2037-11-15,Canada
Instructor_4,2,2,339,35,148,18,4.9,115,102,1,1,5791,2037-11-22,India
Instructor_8,1,1,387,33,257,81,3.3,95,1359,3,1,32736,2037-11-29,India
Instructor_0,2,1,297,8,57,75,4.5,167,4423,3,0,1329,2037-12-06,India
Instructor_4,2,2,403,41,239,54,1.6,62,4694,0,1,9851,2037-12-13,UK
Instructor_5,0,0,176,27,224,91,3.3,101,2668,0,0,45078,2037-12-20,Canada
Instructor_4,0,0,124,10,322,91,4.5,108,1985,1,0,24126,2037-12-27,India
Instructor_5,1,1,410,13,66,59,3.3,20,1399,0,0,22300,2038-01-03,India
Instructor_5,2,0,253,38,139,58,3.9,40,2438,3,1,11164,2038-01-10,Canada
Instructor_6,2,2,98,46,190,32,2.5,186,1176,2,1,25509,2038-01-17,USA
Instructor_3,0,2,128,18,194,18,1.4,109,3858,2,0,6703,2038-01-24,India
Instructor_7,2,1,490,14,215,27,2.8,96,3281,1,1,28109,2038-01-31,USA
Instructor_6,0,2,290,27,386,51,2.6,156,4910,2,0,44417,2038-02-07,India
Instructor_8,1,2,398,23,127,48,4.5,149,1047,0,1,23554,2038-02-14,Australia
Instructor_6,0,1,203,7,478,36,2.0,24,3838,0,0,28676,2038-02-21,UK
Instructor_2,2,2,323,42,311,25,4.9,168,2831,0,0,24804,2038-02-28,India
Instructor_2,1,2,145,8,212,98,4.8,180,4107,0,1,46440,2038-03-07,Australia
Instructor_7,0,2,263,46,415,97,2.0,110,969,1,0,37923,2038-03-14,Canada
Instructor_4,0,0,343,32,63,98,2.4,174,193,2,0,30802,2038-03-21,Australia
Instructor_3,1,1,258,32,288,39,4.6,38,3087,3,1,25795,2038-03-28,Canada
Instructor_7,1,1,392,18,121,79,4.9,123,4755,2,0,3611,2038-04-04,India
Instructor_5,0,1,137,2,494,37,2.8,116,1875,0,0,23075,2038-04-11,Canada
Instructor_1,2,0,355,9,192,76,2.3,163,2360,3,1,17479,2038-04-18,Australia
Instructor_3,0,0,313,39,359,86,3.1,117,535,1,0,10180,2038-04-25,UK
Instructor_3,1,1,474,46,332,53,3.8,139,4400,0,0,10304,2038-05-02,USA
Instructor_5,0,0,439,41,318,21,2.1,93,3244,0,0,15610,2038-05-09,USA
Instructor_5,1,1,374,0,290,15,3.9,24,3687,3,0,9437,2038-05-16,UK
Instructor_0,1,0,477,28,464,27,1.2,141,176,1,0,44118,2038-05-23,USA
Instructor_7,2,2,426,49,294,34,1.2,59,915,3,0,13521,2038-05-30,India
Instructor_5,1,2,369,33,212,59,2.5,175,867,1,0,25028,2038-06-06,India
Instructor_2,1,1,206,12,109,44,2.4,32,3785,0,0,40328,2038-06-13,Australia
Instructor_8,2,0,205,0,55,45,2.3,68,205,2,1,28301,2038-06-20,Australia
Instructor_1,1,0,188,33,246,71,3.0,99,4016,0,0,39015,2038-06-27,Canada
Instructor_7,2,2,170,28,107,54,2.3,124,2973,2,0,22740,2038-07-04,Australia
Instructor_9,2,2,114,47,354,85,1.8,84,3446,2,1,37845,2038-07-11,India
Instructor_2,1,0,156,46,456,84,2.2,165,3248,1,0,22282,2038-07-18,Australia
Instructor_4,1,0,196,12,266,25,4.9,132,3248,3,0,11858,2038-07-25,USA
Instructor_5,0,0,186,47,467,84,2.6,145,1565,1,0,45159,2038-08-01,Canada
Instructor_9,2,0,460,48,75,24,2.8,166,2687,0,0,44714,2038-08-08,Canada
Instructor_5,0,0,211,28,352,64,3.3,148,344,3,0,16186,2038-08-15,India
Instructor_3,1,0,477,38,54,5,4.9,27,2725,2,0,35185,2038-08-22,Australia
Instructor_2,0,1,149,23,69,22,2.0,192,3949,2,1,32194,2038-08-29,USA
Instructor_3,2,0,387,25,439,63,3.7,59,1505,0,1,26230,2038-09-05,Australia
Instructor_0,0,2,448,16,247,86,3.9,151,1081,3,1,28018,2038-09-12,UK
Instructor_3,2,1,356,6,108,42,3.4,127,3908,0,1,25665,2038-09-19,Australia
Instructor_0,1,0,190,12,497,22,1.4,146,241,0,1,42722,2038-09-26,India
Instructor_0,1,2,132,4,291,95,3.7,148,992,1,0,47359,2038-10-03,Australia
Instructor_9,2,1,226,25,195,29,1.3,117,2499,0,0,41159,2038-10-10,Canada
Instructor_5,1,2,247,48,437,76,3.4,76,4740,3,0,45132,2038-10-17,USA
Instructor_4,1,0,161,2,322,17,4.0,190,3060,0,0,44139,2038-10-24,India
Instructor_3,1,0,105,6,298,86,1.8,176,2299,3,0,22516,2038-10-31,UK
Instructor_2,1,0,228,48,63,78,4.4,87,1569,2,1,36272,2038-11-07,USA
Instructor_0,2,0,470,38,62,96,1.1,193,2800,0,1,25673,2038-11-14,USA
Instructor_5,0,1,450,0,440,20,4.4,165,3105,3,0,6239,2038-11-21,Canada
Instructor_1,0,1,235,48,433,56,2.8,84,4958,2,0,27415,2038-11-28,Canada
Instructor_7,1,2,267,16,93,22,1.9,48,3474,3,0,38888,2038-12-05,Canada
Instructor_9,0,0,462,42,424,90,1.5,34,4819,2,1,28195,2038-12-12,India
Instructor_4,0,2,466,24,448,44,4.8,30,755,1,1,40161,2038-12-19,Australia
Instructor_6,1,1,365,2,68,43,1.3,147,2868,0,0,30323,2038-12-26,USA
Instructor_9,1,0,266,14,112,81,1.8,180,142,0,1,35964,2039-01-02,Australia
Instructor_1,0,0,169,28,288,87,2.4,24,2411,2,0,37234,2039-01-09,Australia
Instructor_7,2,1,488,42,468,46,3.5,57,1760,1,1,31763,2039-01-16,Canada
Instructor_1,1,1,443,31,386,39,3.2,95,4791,3,1,35674,2039-01-23,Australia
Instructor_3,2,1,224,25,468,50,1.5,158,2324,1,0,19105,2039-01-30,USA
Instructor_0,0,1,72,15,452,41,2.2,197,2210,3,1,45651,2039-02-06,USA
Instructor_4,1,1,262,24,453,6,2.0,125,1057,3,1,30739,2039-02-13,UK
Instructor_8,2,0,454,27,149,49,1.9,59,660,0,0,49205,2039-02-20,India
Instructor_0,1,1,284,8,212,47,2.6,160,1430,2,1,32969,2039-02-27,Australia
Instructor_8,0,0,62,0,465,83,3.8,150,1412,0,0,15497,2039-03-06,India
Instructor_7,2,0,150,28,171,90,1.9,78,1921,0,1,2816,2039-03-13,India
Instructor_5,0,1,466,21,481,5,2.5,13,3102,0,0,27483,2039-03-20,India
Instructor_6,0,1,73,15,93,90,2.6,87,3503,3,0,44481,2039-03-27,India
Instructor_2,1,0,413,40,409,8,4.9,18,2751,0,1,23159,2039-04-03,USA
Instructor_0,2,1,60,43,457,56,4.8,130,1914,3,1,4849,2039-04-10,Australia
Instructor_4,0,1,322,40,366,30,4.2,124,1841,2,0,22612,2039-04-17,UK
Instructor_1,0,1,480,6,430,20,2.0,172,4801,3,1,40617,2039-04-24,India
Instructor_4,2,2,330,13,194,89,1.3,110,3908,3,1,34826,2039-05-01,UK
Instructor_7,0,0,143,28,376,39,2.3,158,2977,1,1,45498,2039-05-08,USA
Instructor_8,0,2,250,18,412,44,2.1,195,3370,0,0,19706,2039-05-15,USA
Instructor_1,2,1,70,18,99,76,3.0,155,4183,0,0,25563,2039-05-22,Canada
Instructor_2,2,2,389,1,114,48,4.1,106,845,0,0,5359,2039-05-29,India
Instructor_2,2,1,260,40,404,86,4.4,90,657,0,1,31669,2039-06-05,Canada
Instructor_0,2,2,189,44,337,19,4.4,52,3401,1,1,13809,2039-06-12,UK
Instructor_7,1,1,342,14,213,91,2.4,104,1041,1,0,39428,2039-06-19,Australia
Instructor_5,2,2,347,2,190,16,3.7,15,4123,1,0,30454,2039-06-26,Canada
Instructor_7,1,2,450,10,363,27,2.3,76,2396,1,1,8254,2039-07-03,USA
Instructor_8,1,2,150,45,177,40,1.2,149,1039,0,1,46590,2039-07-10,India
Instructor_4,1,0,353,29,447,65,3.8,109,1710,3,1,25785,2039-07-17,UK
Instructor_2,0,2,408,39,470,24,1.0,21,1825,2,1,3093,2039-07-24,USA
Instructor_4,1,0,77,17,417,57,2.6,75,1084,1,0,45498,2039-07-31,Australia
Instructor_4,1,1,90,47,288,40,2.3,11,1687,3,1,41985,2039-08-07,India
Instructor_4,0,2,404,1,373,5,3.8,152,4121,1,1,33009,2039-08-14,Australia
Instructor_2,0,1,352,31,345,74,4.1,160,1436,0,0,17558,2039-08-21,Australia
Instructor_9,0,1,195,7,236,37,2.2,166,3237,0,0,18718,2039-08-28,India
Instructor_3,2,2,305,21,257,5,4.2,90,761,3,1,17705,2039-09-04,India
Instructor_8,0,0,276,5,269,44,2.2,144,132,3,0,23082,2039-09-11,Australia
Instructor_9,0,2,285,11,449,74,2.8,165,3514,3,1,13342,2039-09-18,UK
Instructor_8,1,1,410,46,239,13,3.9,151,1256,0,1,13239,2039-09-25,India
Instructor_1,0,1,429,39,437,65,3.8,181,3226,0,0,47622,2039-10-02,USA
Instructor_7,2,2,62,35,478,39,4.9,167,160,2,0,47665,2039-10-09,Canada
Instructor_7,0,0,259,14,395,2,1.9,169,4028,3,1,33274,2039-10-16,UK
Instructor_6,2,0,278,27,333,98,3.6,79,1643,2,0,12419,2039-10-23,India
Instructor_7,0,1,446,48,401,96,3.4,124,371,1,1,43832,2039-10-30,India
Instructor_2,0,1,149,44,286,23,4.7,97,4176,2,1,16003,2039-11-06,UK
Instructor_5,0,0,80,17,243,18,1.6,15,3488,1,1,31866,2039-11-13,Canada
Instructor_0,0,2,435,1,336,17,4.0,36,2852,1,0,22988,2039-11-20,Australia
Instructor_6,2,1,65,12,308,63,3.3,91,2809,2,1,44027,2039-11-27,USA
Instructor_0,2,0,186,44,295,87,2.1,97,1254,3,1,25908,2039-12-04,India
Instructor_8,1,1,378,14,185,34,2.9,129,4505,1,1,6674,2039-12-11,Canada
Instructor_0,2,2,215,19,329,61,2.3,33,3953,3,0,6002,2039-12-18,USA
Instructor_0,0,0,359,28,320,0,3.3,111,1845,0,1,28567,2039-12-25,UK
Instructor_6,1,1,489,41,220,99,4.6,43,3532,1,1,1910,2040-01-01,India
Instructor_1,1,2,149,28,208,24,3.3,177,437,0,1,30072,2040-01-08,Australia
Instructor_4,1,1,158,2,250,44,3.5,56,109,2,0,34717,2040-01-15,UK
Instructor_7,0,2,392,18,94,48,3.1,33,4244,3,1,22809,2040-01-22,India
Instructor_7,2,2,222,2,499,97,1.2,74,830,2,1,27651,2040-01-29,Canada
Instructor_2,0,0,286,13,313,88,1.9,27,4990,1,0,45291,2040-02-05,USA
Instructor_6,1,2,211,39,120,15,3.0,53,1748,0,0,44989,2040-02-12,USA
Instructor_2,0,1,442,3,413,97,2.2,85,4328,1,1,17484,2040-02-19,India
Instructor_5,0,2,265,10,420,92,1.7,66,3754,2,1,5646,2040-02-26,UK
Instructor_5,2,2,313,30,152,18,3.0,116,2230,3,1,40713,2040-03-04,Australia
Instructor_2,2,0,312,42,174,22,2.3,165,4571,3,0,3400,2040-03-11,Canada
Instructor_6,1,2,341,31,362,82,2.0,133,2496,1,0,45331,2040-03-18,India
Instructor_2,0,2,323,26,335,24,2.9,160,4466,1,1,23185,2040-03-25,Canada
Instructor_7,0,1,52,29,279,15,1.5,171,1606,0,0,19727,2040-04-01,USA
Instructor_9,2,0,77,42,195,53,4.7,148,2258,2,1,34120,2040-04-08,Australia
Instructor_3,0,0,375,1,419,72,4.5,172,3016,1,1,49257,2040-04-15,Canada
Instructor_0,0,0,477,48,246,0,3.8,125,4271,0,0,2018,2040-04-22,India
Instructor_3,0,2,198,8,422,41,1.4,102,3329,1,1,18563,2040-04-29,Australia
Instructor_6,2,0,77,27,270,18,4.1,51,3703,3,0,6193,2040-05-06,UK
Instructor_3,1,2,359,30,472,96,4.2,37,1766,0,0,16701,2040-05-13,India
Instructor_5,1,2,487,33,109,33,4.1,132,4524,0,1,4536,2040-05-20,Canada
Instructor_8,0,1,114,14,147,79,1.5,33,4236,1,0,49217,2040-05-27,Australia
Instructor_0,1,1,405,47,220,54,3.6,145,3069,2,1,45610,2040-06-03,India
Instructor_4,2,1,70,24,431,17,4.3,115,2789,3,0,19886,2040-06-10,Australia
Instructor_6,2,1,301,35,222,33,3.3,127,2426,2,1,37587,2040-06-17,Australia
Instructor_0,1,1,284,7,200,88,3.6,62,2910,0,1,30410,2040-06-24,Australia
Instructor_3,1,2,276,8,399,44,2.8,141,2616,2,1,34744,2040-07-01,Canada
Instructor_5,0,2,62,36,439,5,3.1,109,3571,0,0,39665,2040-07-08,India
Instructor_1,1,0,362,47,489,20,1.1,14,112,2,1,16957,2040-07-15,USA
Instructor_9,0,2,98,44,171,69,3.6,58,3070,1,0,49127,2040-07-22,USA
Instructor_4,0,2,167,38,157,95,1.3,107,3721,2,0,47008,2040-07-29,Canada
Instructor_9,2,1,103,31,53,47,2.7,39,3783,0,0,33875,2040-08-05,Canada
Instructor_0,2,2,187,16,142,38,2.2,81,3573,3,0,49292,2040-08-12,Australia
Instructor_5,2,1,102,34,456,30,3.2,112,3222,3,0,2626,2040-08-19,India
Instructor_5,2,0,93,36,55,9,1.5,72,3564,3,1,26279,2040-08-26,India
Instructor_3,1,0,352,18,337,29,3.8,184,752,0,0,7229,2040-09-02,UK
Instructor_7,2,2,102,43,155,17,4.2,35,720,2,1,7877,2040-09-09,UK
Instructor_3,1,0,123,28,195,59,1.7,194,3890,3,1,34642,2040-09-16,USA
Instructor_7,2,2,95,6,320,87,1.4,46,1745,3,0,39311,2040-09-23,UK
Instructor_7,1,0,62,27,473,72,1.6,16,2343,3,1,33356,2040-09-30,UK
Instructor_4,0,1,214,8,427,94,4.5,136,4612,1,1,4809,2040-10-07,USA
Instructor_3,1,1,151,27,145,14,3.1,177,4859,0,0,44371,2040-10-14,USA
Instructor_1,1,1,329,5,278,3,2.9,101,3591,0,1,35875,2040-10-21,UK
Instructor_2,2,1,307,28,251,62,1.4,176,3811,0,0,45513,2040-10-28,India
Instructor_2,1,2,386,16,261,39,3.6,199,3788,0,0,10465,2040-11-04,UK
Instructor_3,0,0,405,15,55,8,4.5,112,1479,0,0,1559,2040-11-11,Australia
Instructor_3,0,2,447,22,161,8,4.3,62,4343,1,1,9308,2040-11-18,Australia
Instructor_9,2,1,187,30,425,25,3.5,141,2145,2,1,22353,2040-11-25,Australia
Instructor_4,0,2,212,2,428,3,1.3,117,3148,1,1,16250,2040-12-02,Canada
Instructor_3,1,0,458,20,496,80,1.4,121,1488,3,1,47023,2040-12-09,Australia
Instructor_9,0,2,436,25,372,15,1.2,162,501,1,0,36814,2040-12-16,India
Instructor_7,2,0,160,35,155,14,2.0,16,2753,0,0,47624,2040-12-23,Canada
Instructor_5,1,2,151,41,188,98,1.5,165,4424,1,1,17427,2040-12-30,Canada
Instructor_5,2,0,66,36,348,51,2.0,76,4023,0,0,34276,2041-01-06,Australia
Instructor_7,1,0,317,21,450,68,2.5,117,367,1,1,7107,2041-01-13,UK
Instructor_6,0,1,231,41,145,4,4.8,120,4321,0,0,14476,2041-01-20,USA
Instructor_9,2,0,421,11,437,19,3.4,157,1825,3,0,4439,2041-01-27,UK
Instructor_9,2,1,73,41,496,78,4.3,92,1212,0,0,21312,2041-02-03,UK
Instructor_7,1,1,78,12,386,17,3.8,133,2775,1,0,22795,2041-02-10,Canada
Instructor_1,2,1,220,10,346,1,1.5,148,4884,3,0,14136,2041-02-17,Canada
Instructor_8,1,2,458,15,438,92,3.9,113,1380,1,1,15167,2041-02-24,Canada
